--P,--R,--method,--metric,--blur,--ltp-threshold,--crop-seed,correct_matches,total,pct_correct,highest_correct,lowest_correct,highest_incorrect,lowest_incorrect,csv_file,results_json_file
8,1,ror,hellinger,0.0,3,1,35,75,46.666666666666664,0.08746508209074093,0.044064806911255916,0.10190082100996163,0.04317950421925727,exp_8_1_ror_hellinger_0.0_3_1.csv,exp_8_1_ror_hellinger_0.0_3_1_results.json
8,1,ror,hellinger,0.0,3,42,41,75,54.666666666666664,0.0882965094271369,0.04119172838793843,0.23238427122776625,0.04498586251599781,exp_8_1_ror_hellinger_0.0_3_42.csv,exp_8_1_ror_hellinger_0.0_3_42_results.json
8,1,ror,hellinger,0.0,3,35,43,75,57.333333333333336,0.09126890929486811,0.04409600040928093,0.07907231298276181,0.04373328120886919,exp_8_1_ror_hellinger_0.0_3_35.csv,exp_8_1_ror_hellinger_0.0_3_35_results.json
8,1,ror,hellinger,0.0,3,99,31,75,41.333333333333336,0.09345019009983445,0.038822640007923515,0.08305554033668375,0.04169991125404571,exp_8_1_ror_hellinger_0.0_3_99.csv,exp_8_1_ror_hellinger_0.0_3_99_results.json
8,1,ror,hellinger,0.0,3,123,39,75,52.0,0.12992846939707048,0.0440045822359172,0.09377424317199018,0.0464011779162664,exp_8_1_ror_hellinger_0.0_3_123.csv,exp_8_1_ror_hellinger_0.0_3_123_results.json
8,1,ror,hellinger,0.0,3,2024,32,75,42.666666666666664,0.09485201965393254,0.046407292599652775,0.18303265966358656,0.04588912559449933,exp_8_1_ror_hellinger_0.0_3_2024.csv,exp_8_1_ror_hellinger_0.0_3_2024_results.json
8,1,ror,hellinger,0.0,3,777,40,75,53.333333333333336,0.09850025390952513,0.04191152302811377,0.08694637059622286,0.04115751264990327,exp_8_1_ror_hellinger_0.0_3_777.csv,exp_8_1_ror_hellinger_0.0_3_777_results.json
8,1,ror,hellinger,0.0,3,888,40,75,53.333333333333336,0.10034569711726134,0.0401095026492751,0.0808088769857171,0.04215296094529874,exp_8_1_ror_hellinger_0.0_3_888.csv,exp_8_1_ror_hellinger_0.0_3_888_results.json
8,1,ror,hellinger,0.0,3,999,34,75,45.333333333333336,0.07955961339444169,0.04414757906370489,0.08497943118711991,0.04143087272063685,exp_8_1_ror_hellinger_0.0_3_999.csv,exp_8_1_ror_hellinger_0.0_3_999_results.json
8,1,ror,hellinger,0.0,3,1111,34,75,45.333333333333336,0.09959646610485418,0.04661187733488625,0.09072113655902402,0.04817908049944193,exp_8_1_ror_hellinger_0.0_3_1111.csv,exp_8_1_ror_hellinger_0.0_3_1111_results.json
8,1,ror,hellinger,0.0,4,1,36,75,48.0,0.10659840121512461,0.046243828315369044,0.10572891321009156,0.04678623258488813,exp_8_1_ror_hellinger_0.0_4_1.csv,exp_8_1_ror_hellinger_0.0_4_1_results.json
8,1,ror,hellinger,0.0,4,42,41,75,54.666666666666664,0.09083038445257806,0.04438728588522065,0.23908331846020212,0.04886003623202174,exp_8_1_ror_hellinger_0.0_4_42.csv,exp_8_1_ror_hellinger_0.0_4_42_results.json
8,1,ror,hellinger,0.0,4,35,39,75,52.0,0.08998271226972426,0.046395773699675125,0.08924060728278826,0.043303382714932365,exp_8_1_ror_hellinger_0.0_4_35.csv,exp_8_1_ror_hellinger_0.0_4_35_results.json
8,1,ror,hellinger,0.0,4,99,31,75,41.333333333333336,0.09708956066872318,0.04422886814310681,0.09287929579659678,0.04233003824310526,exp_8_1_ror_hellinger_0.0_4_99.csv,exp_8_1_ror_hellinger_0.0_4_99_results.json
8,1,ror,hellinger,0.0,4,123,34,75,45.333333333333336,0.11794267602517867,0.038660661056023636,0.09573509573740938,0.03859923396452384,exp_8_1_ror_hellinger_0.0_4_123.csv,exp_8_1_ror_hellinger_0.0_4_123_results.json
8,1,ror,hellinger,0.0,4,2024,32,75,42.666666666666664,0.10561840294399272,0.04401980943338129,0.162261353617779,0.04203765088458863,exp_8_1_ror_hellinger_0.0_4_2024.csv,exp_8_1_ror_hellinger_0.0_4_2024_results.json
8,1,ror,hellinger,0.0,4,777,37,75,49.333333333333336,0.08957463553542762,0.0441653938894624,0.08489269121281055,0.039720674545739375,exp_8_1_ror_hellinger_0.0_4_777.csv,exp_8_1_ror_hellinger_0.0_4_777_results.json
8,1,ror,hellinger,0.0,4,888,42,75,56.0,0.11097712265296847,0.04811942334485722,0.0851322523769341,0.048563654006932015,exp_8_1_ror_hellinger_0.0_4_888.csv,exp_8_1_ror_hellinger_0.0_4_888_results.json
8,1,ror,hellinger,0.0,4,999,32,75,42.666666666666664,0.0821122232438036,0.03663437458102315,0.08241469116315582,0.043458920590763415,exp_8_1_ror_hellinger_0.0_4_999.csv,exp_8_1_ror_hellinger_0.0_4_999_results.json
8,1,ror,hellinger,0.0,4,1111,36,75,48.0,0.08373258910493346,0.04495031414619142,0.09134403829388223,0.048938631317712,exp_8_1_ror_hellinger_0.0_4_1111.csv,exp_8_1_ror_hellinger_0.0_4_1111_results.json
8,1,ror,hellinger,0.0,5,1,36,75,48.0,0.12525456109726002,0.04545149508852417,0.10538621010758424,0.04593220450853687,exp_8_1_ror_hellinger_0.0_5_1.csv,exp_8_1_ror_hellinger_0.0_5_1_results.json
8,1,ror,hellinger,0.0,5,42,43,75,57.333333333333336,0.09789899326470931,0.047016008374348814,0.2261282087836164,0.04640311327390766,exp_8_1_ror_hellinger_0.0_5_42.csv,exp_8_1_ror_hellinger_0.0_5_42_results.json
8,1,ror,hellinger,0.0,5,35,41,75,54.666666666666664,0.09116382007033867,0.04123690597162663,0.0895195091779668,0.044291212674164256,exp_8_1_ror_hellinger_0.0_5_35.csv,exp_8_1_ror_hellinger_0.0_5_35_results.json
8,1,ror,hellinger,0.0,5,99,27,75,36.0,0.09598841858367635,0.05181000303115357,0.09866986130510741,0.04763617487246865,exp_8_1_ror_hellinger_0.0_5_99.csv,exp_8_1_ror_hellinger_0.0_5_99_results.json
8,1,ror,hellinger,0.0,5,123,37,75,49.333333333333336,0.10021108155181965,0.04378535372293128,0.09384290775482401,0.04383574386880132,exp_8_1_ror_hellinger_0.0_5_123.csv,exp_8_1_ror_hellinger_0.0_5_123_results.json
8,1,ror,hellinger,0.0,5,2024,32,75,42.666666666666664,0.11414974795206426,0.047357023740528394,0.15508192643457006,0.04299957792539649,exp_8_1_ror_hellinger_0.0_5_2024.csv,exp_8_1_ror_hellinger_0.0_5_2024_results.json
8,1,ror,hellinger,0.0,5,777,35,75,46.666666666666664,0.08524406889997858,0.03974723164856966,0.08955317842995131,0.04461503352806843,exp_8_1_ror_hellinger_0.0_5_777.csv,exp_8_1_ror_hellinger_0.0_5_777_results.json
8,1,ror,hellinger,0.0,5,888,38,75,50.666666666666664,0.09499102516856495,0.04598866477202742,0.11601675218517864,0.04705791485977505,exp_8_1_ror_hellinger_0.0_5_888.csv,exp_8_1_ror_hellinger_0.0_5_888_results.json
8,1,ror,hellinger,0.0,5,999,37,75,49.333333333333336,0.07792017640673432,0.03242911922058739,0.07950388495109442,0.043742854385057074,exp_8_1_ror_hellinger_0.0_5_999.csv,exp_8_1_ror_hellinger_0.0_5_999_results.json
8,1,ror,hellinger,0.0,5,1111,33,75,44.0,0.089638225905703,0.04427535994648715,0.0876924788421607,0.044082087922672625,exp_8_1_ror_hellinger_0.0_5_1111.csv,exp_8_1_ror_hellinger_0.0_5_1111_results.json
8,1,ror,hellinger,0.0,6,1,37,75,49.333333333333336,0.13537065673567672,0.0443571453256158,0.09641038990548065,0.04537388243598267,exp_8_1_ror_hellinger_0.0_6_1.csv,exp_8_1_ror_hellinger_0.0_6_1_results.json
8,1,ror,hellinger,0.0,6,42,43,75,57.333333333333336,0.10035089239319782,0.046875455904530426,0.2249188417657066,0.04604981118507315,exp_8_1_ror_hellinger_0.0_6_42.csv,exp_8_1_ror_hellinger_0.0_6_42_results.json
8,1,ror,hellinger,0.0,6,35,36,75,48.0,0.09977091935305624,0.054182982508871075,0.0834419453467752,0.040364208646274706,exp_8_1_ror_hellinger_0.0_6_35.csv,exp_8_1_ror_hellinger_0.0_6_35_results.json
8,1,ror,hellinger,0.0,6,99,31,75,41.333333333333336,0.09540108447256532,0.050246239292847876,0.09777831568349811,0.0453228494624454,exp_8_1_ror_hellinger_0.0_6_99.csv,exp_8_1_ror_hellinger_0.0_6_99_results.json
8,1,ror,hellinger,0.0,6,123,41,75,54.666666666666664,0.09609105441298536,0.04583576254802255,0.09230724417999236,0.04470336296359648,exp_8_1_ror_hellinger_0.0_6_123.csv,exp_8_1_ror_hellinger_0.0_6_123_results.json
8,1,ror,hellinger,0.0,6,2024,31,75,41.333333333333336,0.12680720496186004,0.050656075816241534,0.14663855170858694,0.047469507519181484,exp_8_1_ror_hellinger_0.0_6_2024.csv,exp_8_1_ror_hellinger_0.0_6_2024_results.json
8,1,ror,hellinger,0.0,6,777,36,75,48.0,0.08335858967088408,0.03755025250688332,0.09646287338400049,0.047293872544668554,exp_8_1_ror_hellinger_0.0_6_777.csv,exp_8_1_ror_hellinger_0.0_6_777_results.json
8,1,ror,hellinger,0.0,6,888,40,75,53.333333333333336,0.09519315220558723,0.043391488749107296,0.11736935104858061,0.044956499861420716,exp_8_1_ror_hellinger_0.0_6_888.csv,exp_8_1_ror_hellinger_0.0_6_888_results.json
8,1,ror,hellinger,0.0,6,999,38,75,50.666666666666664,0.08018403239268088,0.02069318681002249,0.08486902949455313,0.04512550485298267,exp_8_1_ror_hellinger_0.0_6_999.csv,exp_8_1_ror_hellinger_0.0_6_999_results.json
8,1,ror,hellinger,0.0,6,1111,31,75,41.333333333333336,0.0922608862685019,0.04392357519893754,0.08148407072305403,0.044257419586208845,exp_8_1_ror_hellinger_0.0_6_1111.csv,exp_8_1_ror_hellinger_0.0_6_1111_results.json
8,1,ror,hellinger,0.0,7,1,36,75,48.0,0.1485444008365249,0.044541104555878536,0.08833189842078723,0.0450129383412808,exp_8_1_ror_hellinger_0.0_7_1.csv,exp_8_1_ror_hellinger_0.0_7_1_results.json
8,1,ror,hellinger,0.0,7,42,44,75,58.666666666666664,0.10275544360236333,0.04654800451612573,0.20633966877017906,0.05318779340326703,exp_8_1_ror_hellinger_0.0_7_42.csv,exp_8_1_ror_hellinger_0.0_7_42_results.json
8,1,ror,hellinger,0.0,7,35,39,75,52.0,0.10350976476129739,0.048053110972616324,0.08341311767052376,0.044814298257918515,exp_8_1_ror_hellinger_0.0_7_35.csv,exp_8_1_ror_hellinger_0.0_7_35_results.json
8,1,ror,hellinger,0.0,7,99,30,75,40.0,0.09040603092048723,0.04548802075924174,0.09520543579610138,0.044300255422131,exp_8_1_ror_hellinger_0.0_7_99.csv,exp_8_1_ror_hellinger_0.0_7_99_results.json
8,1,ror,hellinger,0.0,7,123,35,75,46.666666666666664,0.09414792711650004,0.043520772572096814,0.0918397631709597,0.04310709105007161,exp_8_1_ror_hellinger_0.0_7_123.csv,exp_8_1_ror_hellinger_0.0_7_123_results.json
8,1,ror,hellinger,0.0,7,2024,30,75,40.0,0.13504990768493366,0.04749002993032635,0.1377304163099397,0.04416091148532915,exp_8_1_ror_hellinger_0.0_7_2024.csv,exp_8_1_ror_hellinger_0.0_7_2024_results.json
8,1,ror,hellinger,0.0,7,777,38,75,50.666666666666664,0.08336229958751709,0.027269783654238006,0.099583064886293,0.053772658953982505,exp_8_1_ror_hellinger_0.0_7_777.csv,exp_8_1_ror_hellinger_0.0_7_777_results.json
8,1,ror,hellinger,0.0,7,888,40,75,53.333333333333336,0.09353158647654691,0.051136476200616475,0.12193783860802306,0.03629679837263266,exp_8_1_ror_hellinger_0.0_7_888.csv,exp_8_1_ror_hellinger_0.0_7_888_results.json
8,1,ror,hellinger,0.0,7,999,39,75,52.0,0.08311916749782816,0.03025803419803534,0.08892349819294892,0.04024660315345858,exp_8_1_ror_hellinger_0.0_7_999.csv,exp_8_1_ror_hellinger_0.0_7_999_results.json
8,1,ror,hellinger,0.0,7,1111,31,75,41.333333333333336,0.08833611361804719,0.038282412990512014,0.0834459884186906,0.046646218248620405,exp_8_1_ror_hellinger_0.0_7_1111.csv,exp_8_1_ror_hellinger_0.0_7_1111_results.json
8,1,ror,hellinger,0.25,3,1,34,75,45.333333333333336,0.09258140646993564,0.044121136557272775,0.10230414715333414,0.04576347611725196,exp_8_1_ror_hellinger_0.25_3_1.csv,exp_8_1_ror_hellinger_0.25_3_1_results.json
8,1,ror,hellinger,0.25,3,42,43,75,57.333333333333336,0.09004953701304354,0.04458809602627449,0.24818102541722245,0.04412232310796333,exp_8_1_ror_hellinger_0.25_3_42.csv,exp_8_1_ror_hellinger_0.25_3_42_results.json
8,1,ror,hellinger,0.25,3,35,37,75,49.333333333333336,0.084451237243759,0.04537969990194724,0.09524787847890615,0.04338165124192632,exp_8_1_ror_hellinger_0.25_3_35.csv,exp_8_1_ror_hellinger_0.25_3_35_results.json
8,1,ror,hellinger,0.25,3,99,29,75,38.666666666666664,0.09507175112630513,0.04126332177579266,0.08477613146113652,0.04278791855173938,exp_8_1_ror_hellinger_0.25_3_99.csv,exp_8_1_ror_hellinger_0.25_3_99_results.json
8,1,ror,hellinger,0.25,3,123,37,75,49.333333333333336,0.12753806741504065,0.03840345939697906,0.09765082625780586,0.04547165926465815,exp_8_1_ror_hellinger_0.25_3_123.csv,exp_8_1_ror_hellinger_0.25_3_123_results.json
8,1,ror,hellinger,0.25,3,2024,33,75,44.0,0.0986610412411487,0.04512572714122422,0.18637451615885015,0.04257421547730946,exp_8_1_ror_hellinger_0.25_3_2024.csv,exp_8_1_ror_hellinger_0.25_3_2024_results.json
8,1,ror,hellinger,0.25,3,777,37,75,49.333333333333336,0.0885412851721963,0.048329906670727917,0.08883730698867891,0.045098163625104215,exp_8_1_ror_hellinger_0.25_3_777.csv,exp_8_1_ror_hellinger_0.25_3_777_results.json
8,1,ror,hellinger,0.25,3,888,38,75,50.666666666666664,0.08670181026183146,0.04173478614980409,0.1028479862835945,0.03975882543690479,exp_8_1_ror_hellinger_0.25_3_888.csv,exp_8_1_ror_hellinger_0.25_3_888_results.json
8,1,ror,hellinger,0.25,3,999,33,75,44.0,0.07774870523468055,0.04420659611502197,0.07939139141591947,0.04387295407490364,exp_8_1_ror_hellinger_0.25_3_999.csv,exp_8_1_ror_hellinger_0.25_3_999_results.json
8,1,ror,hellinger,0.25,3,1111,37,75,49.333333333333336,0.10276218853032536,0.04633487180492302,0.09174647559385621,0.04560741041034878,exp_8_1_ror_hellinger_0.25_3_1111.csv,exp_8_1_ror_hellinger_0.25_3_1111_results.json
8,1,ror,hellinger,0.25,4,1,36,75,48.0,0.1103619289627148,0.04648931683540796,0.10330501606244719,0.04613926700027145,exp_8_1_ror_hellinger_0.25_4_1.csv,exp_8_1_ror_hellinger_0.25_4_1_results.json
8,1,ror,hellinger,0.25,4,42,43,75,57.333333333333336,0.09235470388858709,0.047537125456851216,0.23166393040927327,0.050701231583633,exp_8_1_ror_hellinger_0.25_4_42.csv,exp_8_1_ror_hellinger_0.25_4_42_results.json
8,1,ror,hellinger,0.25,4,35,39,75,52.0,0.09181732268881546,0.042582704514416155,0.08870244736148111,0.04512913354126751,exp_8_1_ror_hellinger_0.25_4_35.csv,exp_8_1_ror_hellinger_0.25_4_35_results.json
8,1,ror,hellinger,0.25,4,99,31,75,41.333333333333336,0.0978084896983133,0.04487452767021588,0.09611940869884084,0.04560613597835171,exp_8_1_ror_hellinger_0.25_4_99.csv,exp_8_1_ror_hellinger_0.25_4_99_results.json
8,1,ror,hellinger,0.25,4,123,31,75,41.333333333333336,0.11142445556819373,0.04010478159838746,0.09093856991340167,0.04414518995236685,exp_8_1_ror_hellinger_0.25_4_123.csv,exp_8_1_ror_hellinger_0.25_4_123_results.json
8,1,ror,hellinger,0.25,4,2024,30,75,40.0,0.11122560324556649,0.04869252229629807,0.16437791674919472,0.042770710079126965,exp_8_1_ror_hellinger_0.25_4_2024.csv,exp_8_1_ror_hellinger_0.25_4_2024_results.json
8,1,ror,hellinger,0.25,4,777,36,75,48.0,0.08604207371441991,0.04160792806007682,0.0904739601975425,0.04157452860478044,exp_8_1_ror_hellinger_0.25_4_777.csv,exp_8_1_ror_hellinger_0.25_4_777_results.json
8,1,ror,hellinger,0.25,4,888,38,75,50.666666666666664,0.09525720420660051,0.04795535871667973,0.11574236741651403,0.04742635579611818,exp_8_1_ror_hellinger_0.25_4_888.csv,exp_8_1_ror_hellinger_0.25_4_888_results.json
8,1,ror,hellinger,0.25,4,999,35,75,46.666666666666664,0.08027079307063621,0.03366619664000235,0.0854793784861235,0.04360856233937215,exp_8_1_ror_hellinger_0.25_4_999.csv,exp_8_1_ror_hellinger_0.25_4_999_results.json
8,1,ror,hellinger,0.25,4,1111,35,75,46.666666666666664,0.08647696483830736,0.04364244592424664,0.09494882970925904,0.048062398546376096,exp_8_1_ror_hellinger_0.25_4_1111.csv,exp_8_1_ror_hellinger_0.25_4_1111_results.json
8,1,ror,hellinger,0.25,5,1,35,75,46.666666666666664,0.1317961099614326,0.04571202365823352,0.10273579098378882,0.04790543216557496,exp_8_1_ror_hellinger_0.25_5_1.csv,exp_8_1_ror_hellinger_0.25_5_1_results.json
8,1,ror,hellinger,0.25,5,42,41,75,54.666666666666664,0.09852298508433152,0.04277487980844678,0.22824510288358282,0.046869431962108916,exp_8_1_ror_hellinger_0.25_5_42.csv,exp_8_1_ror_hellinger_0.25_5_42_results.json
8,1,ror,hellinger,0.25,5,35,38,75,50.666666666666664,0.09267605986188643,0.04706965577179429,0.08482238674391719,0.04607513716353494,exp_8_1_ror_hellinger_0.25_5_35.csv,exp_8_1_ror_hellinger_0.25_5_35_results.json
8,1,ror,hellinger,0.25,5,99,29,75,38.666666666666664,0.09423793775046427,0.04975334498044983,0.09851528450428493,0.04134650967731063,exp_8_1_ror_hellinger_0.25_5_99.csv,exp_8_1_ror_hellinger_0.25_5_99_results.json
8,1,ror,hellinger,0.25,5,123,38,75,50.666666666666664,0.09785094595514023,0.04354578237031829,0.09447274543309282,0.04357586167495562,exp_8_1_ror_hellinger_0.25_5_123.csv,exp_8_1_ror_hellinger_0.25_5_123_results.json
8,1,ror,hellinger,0.25,5,2024,30,75,40.0,0.11610277665431935,0.046082299347452345,0.15184560603989927,0.04525249060962142,exp_8_1_ror_hellinger_0.25_5_2024.csv,exp_8_1_ror_hellinger_0.25_5_2024_results.json
8,1,ror,hellinger,0.25,5,777,37,75,49.333333333333336,0.09405591983853767,0.04124806737224793,0.09138531961439245,0.04799335823873915,exp_8_1_ror_hellinger_0.25_5_777.csv,exp_8_1_ror_hellinger_0.25_5_777_results.json
8,1,ror,hellinger,0.25,5,888,41,75,54.666666666666664,0.09933910661220212,0.04746228787051553,0.11563524214963468,0.05039276721327688,exp_8_1_ror_hellinger_0.25_5_888.csv,exp_8_1_ror_hellinger_0.25_5_888_results.json
8,1,ror,hellinger,0.25,5,999,39,75,52.0,0.08043203739501888,0.033935770288659906,0.08261495322660181,0.043358144181250786,exp_8_1_ror_hellinger_0.25_5_999.csv,exp_8_1_ror_hellinger_0.25_5_999_results.json
8,1,ror,hellinger,0.25,5,1111,32,75,42.666666666666664,0.08908693051642455,0.04527484864441888,0.08498832897639416,0.04432054087969835,exp_8_1_ror_hellinger_0.25_5_1111.csv,exp_8_1_ror_hellinger_0.25_5_1111_results.json
8,1,ror,hellinger,0.25,6,1,36,75,48.0,0.146408517443195,0.041445501109791,0.09047187165430141,0.050879260789622474,exp_8_1_ror_hellinger_0.25_6_1.csv,exp_8_1_ror_hellinger_0.25_6_1_results.json
8,1,ror,hellinger,0.25,6,42,42,75,56.0,0.10053733400769051,0.04668616216506699,0.2146931441532398,0.052464823973977094,exp_8_1_ror_hellinger_0.25_6_42.csv,exp_8_1_ror_hellinger_0.25_6_42_results.json
8,1,ror,hellinger,0.25,6,35,38,75,50.666666666666664,0.10038110666095669,0.053033625059385976,0.08530677418923542,0.044118740264551266,exp_8_1_ror_hellinger_0.25_6_35.csv,exp_8_1_ror_hellinger_0.25_6_35_results.json
8,1,ror,hellinger,0.25,6,99,29,75,38.666666666666664,0.09114116417164374,0.04900602298204383,0.10006072210089159,0.04462700373843032,exp_8_1_ror_hellinger_0.25_6_99.csv,exp_8_1_ror_hellinger_0.25_6_99_results.json
8,1,ror,hellinger,0.25,6,123,35,75,46.666666666666664,0.09523881077454813,0.04458860845646241,0.09759413733090255,0.04740965404842735,exp_8_1_ror_hellinger_0.25_6_123.csv,exp_8_1_ror_hellinger_0.25_6_123_results.json
8,1,ror,hellinger,0.25,6,2024,31,75,41.333333333333336,0.13112684364682411,0.04688111647952632,0.14039321996070567,0.04698266139581996,exp_8_1_ror_hellinger_0.25_6_2024.csv,exp_8_1_ror_hellinger_0.25_6_2024_results.json
8,1,ror,hellinger,0.25,6,777,40,75,53.333333333333336,0.08144197480836578,0.03249679296132852,0.1024724553759601,0.049646755492491465,exp_8_1_ror_hellinger_0.25_6_777.csv,exp_8_1_ror_hellinger_0.25_6_777_results.json
8,1,ror,hellinger,0.25,6,888,40,75,53.333333333333336,0.09473837195447293,0.04874687840922623,0.12204891098843407,0.03953997261638903,exp_8_1_ror_hellinger_0.25_6_888.csv,exp_8_1_ror_hellinger_0.25_6_888_results.json
8,1,ror,hellinger,0.25,6,999,38,75,50.666666666666664,0.08223433303503698,0.02530483188718902,0.08602132004431083,0.04112673328354521,exp_8_1_ror_hellinger_0.25_6_999.csv,exp_8_1_ror_hellinger_0.25_6_999_results.json
8,1,ror,hellinger,0.25,6,1111,33,75,44.0,0.09054913197218277,0.04271947425243813,0.08176627882744679,0.046839276042148686,exp_8_1_ror_hellinger_0.25_6_1111.csv,exp_8_1_ror_hellinger_0.25_6_1111_results.json
8,1,ror,hellinger,0.25,7,1,33,75,44.0,0.15461756062955315,0.046814407205828246,0.08827129918862155,0.04199249398740378,exp_8_1_ror_hellinger_0.25_7_1.csv,exp_8_1_ror_hellinger_0.25_7_1_results.json
8,1,ror,hellinger,0.25,7,42,44,75,58.666666666666664,0.10099308859235258,0.047569097595306004,0.1989349762323737,0.05150720761847034,exp_8_1_ror_hellinger_0.25_7_42.csv,exp_8_1_ror_hellinger_0.25_7_42_results.json
8,1,ror,hellinger,0.25,7,35,41,75,54.666666666666664,0.10563292825750809,0.05120532487250188,0.08373744568684482,0.046396829410834534,exp_8_1_ror_hellinger_0.25_7_35.csv,exp_8_1_ror_hellinger_0.25_7_35_results.json
8,1,ror,hellinger,0.25,7,99,28,75,37.333333333333336,0.09148657341343847,0.04267965947503431,0.09948873257136125,0.04074572894453963,exp_8_1_ror_hellinger_0.25_7_99.csv,exp_8_1_ror_hellinger_0.25_7_99_results.json
8,1,ror,hellinger,0.25,7,123,35,75,46.666666666666664,0.10007790090934691,0.04368807833048446,0.08918796756187984,0.04862494499826745,exp_8_1_ror_hellinger_0.25_7_123.csv,exp_8_1_ror_hellinger_0.25_7_123_results.json
8,1,ror,hellinger,0.25,7,2024,31,75,41.333333333333336,0.1379917881975891,0.047987445272817356,0.13584448248342257,0.04136226223537998,exp_8_1_ror_hellinger_0.25_7_2024.csv,exp_8_1_ror_hellinger_0.25_7_2024_results.json
8,1,ror,hellinger,0.25,7,777,40,75,53.333333333333336,0.08642730644327608,0.027343357322952355,0.10029769178436183,0.053036157051185126,exp_8_1_ror_hellinger_0.25_7_777.csv,exp_8_1_ror_hellinger_0.25_7_777_results.json
8,1,ror,hellinger,0.25,7,888,37,75,49.333333333333336,0.09275554781634772,0.04509770085121649,0.1218180701999906,0.03499218927553592,exp_8_1_ror_hellinger_0.25_7_888.csv,exp_8_1_ror_hellinger_0.25_7_888_results.json
8,1,ror,hellinger,0.25,7,999,38,75,50.666666666666664,0.08300924446944967,0.02995947625229072,0.0886162291248289,0.042574328724832265,exp_8_1_ror_hellinger_0.25_7_999.csv,exp_8_1_ror_hellinger_0.25_7_999_results.json
8,1,ror,hellinger,0.25,7,1111,30,75,40.0,0.08869313164754823,0.03756467835537206,0.08584394831085933,0.05106901353418552,exp_8_1_ror_hellinger_0.25_7_1111.csv,exp_8_1_ror_hellinger_0.25_7_1111_results.json
8,1,ror,hellinger,0.5,3,1,32,75,42.666666666666664,0.09842065575570512,0.04065402466993774,0.10279222751931164,0.04027872186983644,exp_8_1_ror_hellinger_0.5_3_1.csv,exp_8_1_ror_hellinger_0.5_3_1_results.json
8,1,ror,hellinger,0.5,3,42,43,75,57.333333333333336,0.092991271421169,0.04819478059483901,0.25756275336148327,0.049948617415326094,exp_8_1_ror_hellinger_0.5_3_42.csv,exp_8_1_ror_hellinger_0.5_3_42_results.json
8,1,ror,hellinger,0.5,3,35,44,75,58.666666666666664,0.08744611141318885,0.04876977441822526,0.10167713725693835,0.04477949909431566,exp_8_1_ror_hellinger_0.5_3_35.csv,exp_8_1_ror_hellinger_0.5_3_35_results.json
8,1,ror,hellinger,0.5,3,99,30,75,40.0,0.09167696856618116,0.04241642348538768,0.0895285298781873,0.043516415517293704,exp_8_1_ror_hellinger_0.5_3_99.csv,exp_8_1_ror_hellinger_0.5_3_99_results.json
8,1,ror,hellinger,0.5,3,123,39,75,52.0,0.12900710266162926,0.039445048145178845,0.09959722218113391,0.04310785452146153,exp_8_1_ror_hellinger_0.5_3_123.csv,exp_8_1_ror_hellinger_0.5_3_123_results.json
8,1,ror,hellinger,0.5,3,2024,34,75,45.333333333333336,0.10222126960158556,0.04414695018014315,0.18325503440455265,0.04441208793745302,exp_8_1_ror_hellinger_0.5_3_2024.csv,exp_8_1_ror_hellinger_0.5_3_2024_results.json
8,1,ror,hellinger,0.5,3,777,38,75,50.666666666666664,0.08497437556546703,0.04194767025060434,0.0972821793440521,0.04560960991324335,exp_8_1_ror_hellinger_0.5_3_777.csv,exp_8_1_ror_hellinger_0.5_3_777_results.json
8,1,ror,hellinger,0.5,3,888,40,75,53.333333333333336,0.09396214837233896,0.04415935630002915,0.10417284244549246,0.041867746727057495,exp_8_1_ror_hellinger_0.5_3_888.csv,exp_8_1_ror_hellinger_0.5_3_888_results.json
8,1,ror,hellinger,0.5,3,999,36,75,48.0,0.07595478337228767,0.041073922825604084,0.08649090294284272,0.04018781531624627,exp_8_1_ror_hellinger_0.5_3_999.csv,exp_8_1_ror_hellinger_0.5_3_999_results.json
8,1,ror,hellinger,0.5,3,1111,34,75,45.333333333333336,0.08847191097449349,0.046125239797849105,0.10549956385884482,0.04394970946452325,exp_8_1_ror_hellinger_0.5_3_1111.csv,exp_8_1_ror_hellinger_0.5_3_1111_results.json
8,1,ror,hellinger,0.5,4,1,35,75,46.666666666666664,0.11845095505552286,0.04416284966312877,0.101059161785898,0.04083379784724081,exp_8_1_ror_hellinger_0.5_4_1.csv,exp_8_1_ror_hellinger_0.5_4_1_results.json
8,1,ror,hellinger,0.5,4,42,42,75,56.0,0.0965766491826416,0.049728048471105055,0.25227097053809283,0.046175977555507265,exp_8_1_ror_hellinger_0.5_4_42.csv,exp_8_1_ror_hellinger_0.5_4_42_results.json
8,1,ror,hellinger,0.5,4,35,43,75,57.333333333333336,0.09537771215189982,0.040024675470306366,0.0914992007121749,0.0451775169796834,exp_8_1_ror_hellinger_0.5_4_35.csv,exp_8_1_ror_hellinger_0.5_4_35_results.json
8,1,ror,hellinger,0.5,4,99,28,75,37.333333333333336,0.09530820010284731,0.04358770977482696,0.09808723937820617,0.04536115316831904,exp_8_1_ror_hellinger_0.5_4_99.csv,exp_8_1_ror_hellinger_0.5_4_99_results.json
8,1,ror,hellinger,0.5,4,123,39,75,52.0,0.10569141787578998,0.03842481287932546,0.096294852745683,0.045069648401821163,exp_8_1_ror_hellinger_0.5_4_123.csv,exp_8_1_ror_hellinger_0.5_4_123_results.json
8,1,ror,hellinger,0.5,4,2024,32,75,42.666666666666664,0.12110303863346077,0.051244761450964675,0.17058624938904765,0.03834692136429242,exp_8_1_ror_hellinger_0.5_4_2024.csv,exp_8_1_ror_hellinger_0.5_4_2024_results.json
8,1,ror,hellinger,0.5,4,777,36,75,48.0,0.08813124994861274,0.034497490623881966,0.08837110870596712,0.048797533657440155,exp_8_1_ror_hellinger_0.5_4_777.csv,exp_8_1_ror_hellinger_0.5_4_777_results.json
8,1,ror,hellinger,0.5,4,888,37,75,49.333333333333336,0.08082606508639743,0.048231817751415995,0.10517872371559933,0.04920126528686513,exp_8_1_ror_hellinger_0.5_4_888.csv,exp_8_1_ror_hellinger_0.5_4_888_results.json
8,1,ror,hellinger,0.5,4,999,38,75,50.666666666666664,0.07666255703587202,0.033702366605743085,0.08833360099610764,0.04334334303858538,exp_8_1_ror_hellinger_0.5_4_999.csv,exp_8_1_ror_hellinger_0.5_4_999_results.json
8,1,ror,hellinger,0.5,4,1111,34,75,45.333333333333336,0.08328580110904257,0.040575949357245095,0.0938498897077825,0.045581809904037235,exp_8_1_ror_hellinger_0.5_4_1111.csv,exp_8_1_ror_hellinger_0.5_4_1111_results.json
8,1,ror,hellinger,0.5,5,1,36,75,48.0,0.14524502236470288,0.04288228762775872,0.09191246859904006,0.04690327448509905,exp_8_1_ror_hellinger_0.5_5_1.csv,exp_8_1_ror_hellinger_0.5_5_1_results.json
8,1,ror,hellinger,0.5,5,42,44,75,58.666666666666664,0.09780058863903938,0.043251897559043115,0.24092848739666925,0.05006265248245164,exp_8_1_ror_hellinger_0.5_5_42.csv,exp_8_1_ror_hellinger_0.5_5_42_results.json
8,1,ror,hellinger,0.5,5,35,41,75,54.666666666666664,0.09597037387809927,0.05108244050065208,0.0857701462077854,0.04536784923682128,exp_8_1_ror_hellinger_0.5_5_35.csv,exp_8_1_ror_hellinger_0.5_5_35_results.json
8,1,ror,hellinger,0.5,5,99,28,75,37.333333333333336,0.09692042633189063,0.05006520421685541,0.09613847732334292,0.044174720649705845,exp_8_1_ror_hellinger_0.5_5_99.csv,exp_8_1_ror_hellinger_0.5_5_99_results.json
8,1,ror,hellinger,0.5,5,123,39,75,52.0,0.09669135758125402,0.04277420310517859,0.10036334547147376,0.047061112191469,exp_8_1_ror_hellinger_0.5_5_123.csv,exp_8_1_ror_hellinger_0.5_5_123_results.json
8,1,ror,hellinger,0.5,5,2024,33,75,44.0,0.13661023046104784,0.0525304856471755,0.15474429818837118,0.04167589722928658,exp_8_1_ror_hellinger_0.5_5_2024.csv,exp_8_1_ror_hellinger_0.5_5_2024_results.json
8,1,ror,hellinger,0.5,5,777,35,75,46.666666666666664,0.0862989090952146,0.027362044214825246,0.09567000930091486,0.04566339709276826,exp_8_1_ror_hellinger_0.5_5_777.csv,exp_8_1_ror_hellinger_0.5_5_777_results.json
8,1,ror,hellinger,0.5,5,888,38,75,50.666666666666664,0.0756579274555121,0.04624837567051178,0.11041234886061597,0.04473937736441555,exp_8_1_ror_hellinger_0.5_5_888.csv,exp_8_1_ror_hellinger_0.5_5_888_results.json
8,1,ror,hellinger,0.5,5,999,38,75,50.666666666666664,0.07813935383125092,0.034025119918779566,0.0925804577438208,0.04528092905049911,exp_8_1_ror_hellinger_0.5_5_999.csv,exp_8_1_ror_hellinger_0.5_5_999_results.json
8,1,ror,hellinger,0.5,5,1111,35,75,46.666666666666664,0.08587901462794952,0.03911893327216801,0.09134954775536652,0.04582008259383088,exp_8_1_ror_hellinger_0.5_5_1111.csv,exp_8_1_ror_hellinger_0.5_5_1111_results.json
8,1,ror,hellinger,0.5,6,1,35,75,46.666666666666664,0.1603070440096758,0.042153621331007335,0.08989610048867036,0.04968759893601431,exp_8_1_ror_hellinger_0.5_6_1.csv,exp_8_1_ror_hellinger_0.5_6_1_results.json
8,1,ror,hellinger,0.5,6,42,44,75,58.666666666666664,0.10173649344988128,0.04449101897537814,0.2201789780807651,0.05208069028090775,exp_8_1_ror_hellinger_0.5_6_42.csv,exp_8_1_ror_hellinger_0.5_6_42_results.json
8,1,ror,hellinger,0.5,6,35,42,75,56.0,0.10155101749867738,0.04684119870207405,0.08403343785004087,0.04143208297429953,exp_8_1_ror_hellinger_0.5_6_35.csv,exp_8_1_ror_hellinger_0.5_6_35_results.json
8,1,ror,hellinger,0.5,6,99,30,75,40.0,0.09429917480490213,0.044383625910801014,0.10305389083653538,0.04094669507559798,exp_8_1_ror_hellinger_0.5_6_99.csv,exp_8_1_ror_hellinger_0.5_6_99_results.json
8,1,ror,hellinger,0.5,6,123,36,75,48.0,0.1002038203342896,0.044087758524351726,0.09501663605395112,0.04344375291748215,exp_8_1_ror_hellinger_0.5_6_123.csv,exp_8_1_ror_hellinger_0.5_6_123_results.json
8,1,ror,hellinger,0.5,6,2024,30,75,40.0,0.14626609987606048,0.04637142127424451,0.14816813724172273,0.04374408499112192,exp_8_1_ror_hellinger_0.5_6_2024.csv,exp_8_1_ror_hellinger_0.5_6_2024_results.json
8,1,ror,hellinger,0.5,6,777,33,75,44.0,0.08900842164209376,0.023317691607102568,0.095914851652091,0.04909426113544639,exp_8_1_ror_hellinger_0.5_6_777.csv,exp_8_1_ror_hellinger_0.5_6_777_results.json
8,1,ror,hellinger,0.5,6,888,40,75,53.333333333333336,0.0972380084364768,0.04709668209525271,0.11636287952154092,0.03307160815919211,exp_8_1_ror_hellinger_0.5_6_888.csv,exp_8_1_ror_hellinger_0.5_6_888_results.json
8,1,ror,hellinger,0.5,6,999,39,75,52.0,0.08425014518387926,0.02584913574734894,0.08986084031632778,0.045090586543156334,exp_8_1_ror_hellinger_0.5_6_999.csv,exp_8_1_ror_hellinger_0.5_6_999_results.json
8,1,ror,hellinger,0.5,6,1111,29,75,38.666666666666664,0.0839066879370862,0.03292972310957738,0.09506991435259976,0.04754321024585925,exp_8_1_ror_hellinger_0.5_6_1111.csv,exp_8_1_ror_hellinger_0.5_6_1111_results.json
8,1,ror,hellinger,0.5,7,1,34,75,45.333333333333336,0.0980940717883097,0.04616198958493245,0.17195923581289352,0.04803781717809545,exp_8_1_ror_hellinger_0.5_7_1.csv,exp_8_1_ror_hellinger_0.5_7_1_results.json
8,1,ror,hellinger,0.5,7,42,43,75,57.333333333333336,0.1877396705561271,0.043968097410444475,0.09593543021043538,0.05027192560357171,exp_8_1_ror_hellinger_0.5_7_42.csv,exp_8_1_ror_hellinger_0.5_7_42_results.json
8,1,ror,hellinger,0.5,7,35,39,75,52.0,0.10586031269790384,0.04610232050615876,0.07975326794059429,0.04387593282995608,exp_8_1_ror_hellinger_0.5_7_35.csv,exp_8_1_ror_hellinger_0.5_7_35_results.json
8,1,ror,hellinger,0.5,7,99,27,75,36.0,0.08751518047947068,0.046702822613044356,0.10082280723284287,0.03590145308862551,exp_8_1_ror_hellinger_0.5_7_99.csv,exp_8_1_ror_hellinger_0.5_7_99_results.json
8,1,ror,hellinger,0.5,7,123,38,75,50.666666666666664,0.09288183877111977,0.038258400931966176,0.10088119755054556,0.04090446588879571,exp_8_1_ror_hellinger_0.5_7_123.csv,exp_8_1_ror_hellinger_0.5_7_123_results.json
8,1,ror,hellinger,0.5,7,2024,32,75,42.666666666666664,0.15736166751329592,0.048952809360717255,0.13212743423921292,0.039761639299251646,exp_8_1_ror_hellinger_0.5_7_2024.csv,exp_8_1_ror_hellinger_0.5_7_2024_results.json
8,1,ror,hellinger,0.5,7,777,36,75,48.0,0.08995539604849333,0.021556395005561897,0.09630416991193497,0.04636635370222131,exp_8_1_ror_hellinger_0.5_7_777.csv,exp_8_1_ror_hellinger_0.5_7_777_results.json
8,1,ror,hellinger,0.5,7,888,41,75,54.666666666666664,0.09623158359001781,0.04235224768740241,0.11437427978087572,0.029094728149063175,exp_8_1_ror_hellinger_0.5_7_888.csv,exp_8_1_ror_hellinger_0.5_7_888_results.json
8,1,ror,hellinger,0.5,7,999,36,75,48.0,0.08835611024234698,0.02766513136080426,0.08999104864615105,0.04260827780703566,exp_8_1_ror_hellinger_0.5_7_999.csv,exp_8_1_ror_hellinger_0.5_7_999_results.json
8,1,ror,hellinger,0.5,7,1111,30,75,40.0,0.08236345052993714,0.02104845258096997,0.0983013367253542,0.04495423499145319,exp_8_1_ror_hellinger_0.5_7_1111.csv,exp_8_1_ror_hellinger_0.5_7_1111_results.json
8,1,ror,hellinger,0.75,3,1,39,75,52.0,0.1122079930024666,0.0427695245665761,0.08807700793328771,0.03843778713650959,exp_8_1_ror_hellinger_0.75_3_1.csv,exp_8_1_ror_hellinger_0.75_3_1_results.json
8,1,ror,hellinger,0.75,3,42,41,75,54.666666666666664,0.08813211911297518,0.0435710185898166,0.29545230922465493,0.0524883867868719,exp_8_1_ror_hellinger_0.75_3_42.csv,exp_8_1_ror_hellinger_0.75_3_42_results.json
8,1,ror,hellinger,0.75,3,35,47,75,62.666666666666664,0.1023689559674617,0.049039297652480086,0.10225103232635188,0.04571838967531086,exp_8_1_ror_hellinger_0.75_3_35.csv,exp_8_1_ror_hellinger_0.75_3_35_results.json
8,1,ror,hellinger,0.75,3,99,29,75,38.666666666666664,0.0926650834299781,0.050505401498123374,0.09587112118861378,0.04667352764311926,exp_8_1_ror_hellinger_0.75_3_99.csv,exp_8_1_ror_hellinger_0.75_3_99_results.json
8,1,ror,hellinger,0.75,3,123,42,75,56.0,0.13073054175976753,0.04209318338600543,0.10033192710005648,0.049547857751917536,exp_8_1_ror_hellinger_0.75_3_123.csv,exp_8_1_ror_hellinger_0.75_3_123_results.json
8,1,ror,hellinger,0.75,3,2024,34,75,45.333333333333336,0.1286276855747471,0.04525870552477609,0.21036034559323583,0.0391320967944862,exp_8_1_ror_hellinger_0.75_3_2024.csv,exp_8_1_ror_hellinger_0.75_3_2024_results.json
8,1,ror,hellinger,0.75,3,777,37,75,49.333333333333336,0.09932263922629106,0.03420794426959186,0.0977277397375146,0.05132576509240041,exp_8_1_ror_hellinger_0.75_3_777.csv,exp_8_1_ror_hellinger_0.75_3_777_results.json
8,1,ror,hellinger,0.75,3,888,40,75,53.333333333333336,0.09144678107216729,0.04660593483612097,0.09486184922381688,0.05087720994547023,exp_8_1_ror_hellinger_0.75_3_888.csv,exp_8_1_ror_hellinger_0.75_3_888_results.json
8,1,ror,hellinger,0.75,3,999,36,75,48.0,0.09113270098859051,0.045501258933450604,0.09855555781093857,0.043847373163085755,exp_8_1_ror_hellinger_0.75_3_999.csv,exp_8_1_ror_hellinger_0.75_3_999_results.json
8,1,ror,hellinger,0.75,3,1111,37,75,49.333333333333336,0.10263822753060972,0.040868939932580256,0.10001179367026145,0.04622360493500614,exp_8_1_ror_hellinger_0.75_3_1111.csv,exp_8_1_ror_hellinger_0.75_3_1111_results.json
8,1,ror,hellinger,0.75,4,1,35,75,46.666666666666664,0.10330811729825491,0.04472060990959874,0.14412329187884265,0.04743630073181762,exp_8_1_ror_hellinger_0.75_4_1.csv,exp_8_1_ror_hellinger_0.75_4_1_results.json
8,1,ror,hellinger,0.75,4,42,39,75,52.0,0.08889150333172059,0.04307355692992512,0.2801920497641907,0.048911173427169254,exp_8_1_ror_hellinger_0.75_4_42.csv,exp_8_1_ror_hellinger_0.75_4_42_results.json
8,1,ror,hellinger,0.75,4,35,45,75,60.0,0.09118131813408814,0.04589777604368694,0.1005820571882136,0.046346130924006156,exp_8_1_ror_hellinger_0.75_4_35.csv,exp_8_1_ror_hellinger_0.75_4_35_results.json
8,1,ror,hellinger,0.75,4,99,31,75,41.333333333333336,0.0914753283986459,0.05087293898284502,0.10093951131531044,0.045824578820983945,exp_8_1_ror_hellinger_0.75_4_99.csv,exp_8_1_ror_hellinger_0.75_4_99_results.json
8,1,ror,hellinger,0.75,4,123,42,75,56.0,0.10152664051547852,0.041389515202413095,0.11184771225555792,0.048402460160571675,exp_8_1_ror_hellinger_0.75_4_123.csv,exp_8_1_ror_hellinger_0.75_4_123_results.json
8,1,ror,hellinger,0.75,4,2024,35,75,46.666666666666664,0.14847430384642502,0.0467759789146224,0.1958444467496449,0.043254824483266924,exp_8_1_ror_hellinger_0.75_4_2024.csv,exp_8_1_ror_hellinger_0.75_4_2024_results.json
8,1,ror,hellinger,0.75,4,777,30,75,40.0,0.10389468985836801,0.023289439048280198,0.10036404270985656,0.04654820187777839,exp_8_1_ror_hellinger_0.75_4_777.csv,exp_8_1_ror_hellinger_0.75_4_777_results.json
8,1,ror,hellinger,0.75,4,888,40,75,53.333333333333336,0.10399915754758221,0.04963494659229956,0.10588278989752667,0.04419090044059007,exp_8_1_ror_hellinger_0.75_4_888.csv,exp_8_1_ror_hellinger_0.75_4_888_results.json
8,1,ror,hellinger,0.75,4,999,38,75,50.666666666666664,0.1019802006027459,0.045602504619622015,0.10070893524742468,0.046927522772611883,exp_8_1_ror_hellinger_0.75_4_999.csv,exp_8_1_ror_hellinger_0.75_4_999_results.json
8,1,ror,hellinger,0.75,4,1111,34,75,45.333333333333336,0.08596692458804259,0.036176345522156726,0.10418220713841947,0.0480777359355474,exp_8_1_ror_hellinger_0.75_4_1111.csv,exp_8_1_ror_hellinger_0.75_4_1111_results.json
8,1,ror,hellinger,0.75,5,1,38,75,50.666666666666664,0.11214573015013513,0.04330337934108272,0.1508457952002368,0.040030993826398055,exp_8_1_ror_hellinger_0.75_5_1.csv,exp_8_1_ror_hellinger_0.75_5_1_results.json
8,1,ror,hellinger,0.75,5,42,34,75,45.333333333333336,0.24264947847180182,0.03286078151834429,0.10511403854631135,0.047136222004484855,exp_8_1_ror_hellinger_0.75_5_42.csv,exp_8_1_ror_hellinger_0.75_5_42_results.json
8,1,ror,hellinger,0.75,5,35,46,75,61.333333333333336,0.10188350655878951,0.03461322622402205,0.09274523366246586,0.04238763422259988,exp_8_1_ror_hellinger_0.75_5_35.csv,exp_8_1_ror_hellinger_0.75_5_35_results.json
8,1,ror,hellinger,0.75,5,99,30,75,40.0,0.09080547910754572,0.05173304602987325,0.09429289024094695,0.03414483411147563,exp_8_1_ror_hellinger_0.75_5_99.csv,exp_8_1_ror_hellinger_0.75_5_99_results.json
8,1,ror,hellinger,0.75,5,123,40,75,53.333333333333336,0.08991218017757456,0.018767820351771203,0.12370533807927052,0.0472097421287226,exp_8_1_ror_hellinger_0.75_5_123.csv,exp_8_1_ror_hellinger_0.75_5_123_results.json
8,1,ror,hellinger,0.75,5,2024,35,75,46.666666666666664,0.16258094931439823,0.04813824751422432,0.1679094374826558,0.033959631991588655,exp_8_1_ror_hellinger_0.75_5_2024.csv,exp_8_1_ror_hellinger_0.75_5_2024_results.json
8,1,ror,hellinger,0.75,5,777,36,75,48.0,0.09615530211177835,0.013714484738994575,0.10550089866233842,0.03547219703073085,exp_8_1_ror_hellinger_0.75_5_777.csv,exp_8_1_ror_hellinger_0.75_5_777_results.json
8,1,ror,hellinger,0.75,5,888,37,75,49.333333333333336,0.08911205949296223,0.04433738726538664,0.11958703593765385,0.04469886604615309,exp_8_1_ror_hellinger_0.75_5_888.csv,exp_8_1_ror_hellinger_0.75_5_888_results.json
8,1,ror,hellinger,0.75,5,999,40,75,53.333333333333336,0.10518729945689007,0.04070732642992973,0.09803249386234243,0.04760451771515478,exp_8_1_ror_hellinger_0.75_5_999.csv,exp_8_1_ror_hellinger_0.75_5_999_results.json
8,1,ror,hellinger,0.75,5,1111,40,75,53.333333333333336,0.11578209312621125,0.02734905102560165,0.10534145536596203,0.04953893182837068,exp_8_1_ror_hellinger_0.75_5_1111.csv,exp_8_1_ror_hellinger_0.75_5_1111_results.json
8,1,ror,hellinger,0.75,6,1,33,75,44.0,0.11617101406173873,0.04247905103147144,0.15219415167160943,0.041774942882137414,exp_8_1_ror_hellinger_0.75_6_1.csv,exp_8_1_ror_hellinger_0.75_6_1_results.json
8,1,ror,hellinger,0.75,6,42,39,75,52.0,0.18100638316112436,0.02169559327343684,0.09595196340714687,0.045559050308648395,exp_8_1_ror_hellinger_0.75_6_42.csv,exp_8_1_ror_hellinger_0.75_6_42_results.json
8,1,ror,hellinger,0.75,6,35,43,75,57.333333333333336,0.10038020853898215,0.032911677075253436,0.08850475762317186,0.05078705346114061,exp_8_1_ror_hellinger_0.75_6_35.csv,exp_8_1_ror_hellinger_0.75_6_35_results.json
8,1,ror,hellinger,0.75,6,99,28,75,37.333333333333336,0.09104579442116885,0.04788519220438365,0.09423528199533232,0.034741095527892174,exp_8_1_ror_hellinger_0.75_6_99.csv,exp_8_1_ror_hellinger_0.75_6_99_results.json
8,1,ror,hellinger,0.75,6,123,37,75,49.333333333333336,0.09344936884561679,0.013315064918393366,0.1365343721881872,0.03645085185844656,exp_8_1_ror_hellinger_0.75_6_123.csv,exp_8_1_ror_hellinger_0.75_6_123_results.json
8,1,ror,hellinger,0.75,6,2024,36,75,48.0,0.17786226301966265,0.04460171122370377,0.1472770455346841,0.03425183020990622,exp_8_1_ror_hellinger_0.75_6_2024.csv,exp_8_1_ror_hellinger_0.75_6_2024_results.json
8,1,ror,hellinger,0.75,6,777,32,75,42.666666666666664,0.09790336059700255,0.015760719938980223,0.11091813506616206,0.034731780649737344,exp_8_1_ror_hellinger_0.75_6_777.csv,exp_8_1_ror_hellinger_0.75_6_777_results.json
8,1,ror,hellinger,0.75,6,888,39,75,52.0,0.08984486670822944,0.03881635776939307,0.1298316652044365,0.019256711907149355,exp_8_1_ror_hellinger_0.75_6_888.csv,exp_8_1_ror_hellinger_0.75_6_888_results.json
8,1,ror,hellinger,0.75,6,999,40,75,53.333333333333336,0.08786054659865804,0.03671918006737225,0.10433231807134832,0.035444773418784714,exp_8_1_ror_hellinger_0.75_6_999.csv,exp_8_1_ror_hellinger_0.75_6_999_results.json
8,1,ror,hellinger,0.75,6,1111,33,75,44.0,0.09306225730781564,0.022854233419274936,0.12076105184287451,0.04240443747014249,exp_8_1_ror_hellinger_0.75_6_1111.csv,exp_8_1_ror_hellinger_0.75_6_1111_results.json
8,1,ror,hellinger,0.75,7,1,34,75,45.333333333333336,0.11533405712433784,0.04368305751597537,0.15806184881212015,0.04133046917806865,exp_8_1_ror_hellinger_0.75_7_1.csv,exp_8_1_ror_hellinger_0.75_7_1_results.json
8,1,ror,hellinger,0.75,7,42,38,75,50.666666666666664,0.11838165039041487,0.02261142348059331,0.09066777662762508,0.04178488339312164,exp_8_1_ror_hellinger_0.75_7_42.csv,exp_8_1_ror_hellinger_0.75_7_42_results.json
8,1,ror,hellinger,0.75,7,35,48,75,64.0,0.10134652056526106,0.016949856038543393,0.08463325330895986,0.053033144229344124,exp_8_1_ror_hellinger_0.75_7_35.csv,exp_8_1_ror_hellinger_0.75_7_35_results.json
8,1,ror,hellinger,0.75,7,99,31,75,41.333333333333336,0.09684005652305958,0.046580894150618245,0.09141063076854518,0.02691552682191206,exp_8_1_ror_hellinger_0.75_7_99.csv,exp_8_1_ror_hellinger_0.75_7_99_results.json
8,1,ror,hellinger,0.75,7,123,39,75,52.0,0.08998615211614344,0.02567146600037867,0.14187233394600363,0.03833873994608336,exp_8_1_ror_hellinger_0.75_7_123.csv,exp_8_1_ror_hellinger_0.75_7_123_results.json
8,1,ror,hellinger,0.75,7,2024,32,75,42.666666666666664,0.19325288653795653,0.04617995816121084,0.13503934673617574,0.03625542291062043,exp_8_1_ror_hellinger_0.75_7_2024.csv,exp_8_1_ror_hellinger_0.75_7_2024_results.json
8,1,ror,hellinger,0.75,7,777,34,75,45.333333333333336,0.1083077777954377,0.018699683840596077,0.11092215489468435,0.024599099165810847,exp_8_1_ror_hellinger_0.75_7_777.csv,exp_8_1_ror_hellinger_0.75_7_777_results.json
8,1,ror,hellinger,0.75,7,888,36,75,48.0,0.09911020855268357,0.029846625820914716,0.13508941181137848,0.019783351381896495,exp_8_1_ror_hellinger_0.75_7_888.csv,exp_8_1_ror_hellinger_0.75_7_888_results.json
8,1,ror,hellinger,0.75,7,999,40,75,53.333333333333336,0.0980205990094986,0.02209978546864761,0.10733181509905933,0.031457324391680884,exp_8_1_ror_hellinger_0.75_7_999.csv,exp_8_1_ror_hellinger_0.75_7_999_results.json
8,1,ror,hellinger,0.75,7,1111,32,75,42.666666666666664,0.12819894204419688,0.0161581315390753,0.10073139857867017,0.03799136622253422,exp_8_1_ror_hellinger_0.75_7_1111.csv,exp_8_1_ror_hellinger_0.75_7_1111_results.json
8,1,ror,hellinger,1.0,3,1,39,75,52.0,0.11403763222006551,0.042525175505077735,0.13214823340093443,0.04636029814627014,exp_8_1_ror_hellinger_1.0_3_1.csv,exp_8_1_ror_hellinger_1.0_3_1_results.json
8,1,ror,hellinger,1.0,3,42,38,75,50.666666666666664,0.08760795130521332,0.04342434262941514,0.3209232233778235,0.048028628465271714,exp_8_1_ror_hellinger_1.0_3_42.csv,exp_8_1_ror_hellinger_1.0_3_42_results.json
8,1,ror,hellinger,1.0,3,35,49,75,65.33333333333333,0.10179558855790309,0.046738591518126225,0.1072197937299236,0.0518994421045624,exp_8_1_ror_hellinger_1.0_3_35.csv,exp_8_1_ror_hellinger_1.0_3_35_results.json
8,1,ror,hellinger,1.0,3,99,31,75,41.333333333333336,0.0890621728773464,0.0510221905642602,0.10252073592822135,0.050089054946720474,exp_8_1_ror_hellinger_1.0_3_99.csv,exp_8_1_ror_hellinger_1.0_3_99_results.json
8,1,ror,hellinger,1.0,3,123,39,75,52.0,0.12067519636910369,0.043169582045722805,0.11883231216094169,0.04866788620015147,exp_8_1_ror_hellinger_1.0_3_123.csv,exp_8_1_ror_hellinger_1.0_3_123_results.json
8,1,ror,hellinger,1.0,3,2024,36,75,48.0,0.11575791935277571,0.04982683757188262,0.23186791119110373,0.04485840710086224,exp_8_1_ror_hellinger_1.0_3_2024.csv,exp_8_1_ror_hellinger_1.0_3_2024_results.json
8,1,ror,hellinger,1.0,3,777,31,75,41.333333333333336,0.14513253634157422,0.024712065828260698,0.10408026318962169,0.04327784892467718,exp_8_1_ror_hellinger_1.0_3_777.csv,exp_8_1_ror_hellinger_1.0_3_777_results.json
8,1,ror,hellinger,1.0,3,888,44,75,58.666666666666664,0.1105921115564189,0.04791279219951212,0.1163103739077865,0.04866979846959324,exp_8_1_ror_hellinger_1.0_3_888.csv,exp_8_1_ror_hellinger_1.0_3_888_results.json
8,1,ror,hellinger,1.0,3,999,37,75,49.333333333333336,0.09790801883523183,0.04043371886705303,0.0980263431734996,0.046411914312586226,exp_8_1_ror_hellinger_1.0_3_999.csv,exp_8_1_ror_hellinger_1.0_3_999_results.json
8,1,ror,hellinger,1.0,3,1111,37,75,49.333333333333336,0.10959344561071656,0.04311071332084534,0.1017556734344787,0.05101678903557481,exp_8_1_ror_hellinger_1.0_3_1111.csv,exp_8_1_ror_hellinger_1.0_3_1111_results.json
8,1,ror,hellinger,1.0,4,1,41,75,54.666666666666664,0.1167929886888822,0.04666613091774928,0.1409373092486021,0.05417019160218644,exp_8_1_ror_hellinger_1.0_4_1.csv,exp_8_1_ror_hellinger_1.0_4_1_results.json
8,1,ror,hellinger,1.0,4,42,37,75,49.333333333333336,0.26227314712451644,0.04003452779063363,0.10175261639291992,0.04499156114261361,exp_8_1_ror_hellinger_1.0_4_42.csv,exp_8_1_ror_hellinger_1.0_4_42_results.json
8,1,ror,hellinger,1.0,4,35,43,75,57.333333333333336,0.10143507586838799,0.03679699336540873,0.10184207069878813,0.048077924634942426,exp_8_1_ror_hellinger_1.0_4_35.csv,exp_8_1_ror_hellinger_1.0_4_35_results.json
8,1,ror,hellinger,1.0,4,99,31,75,41.333333333333336,0.08673768338920673,0.05062173044293209,0.10858992112439246,0.03845916298515313,exp_8_1_ror_hellinger_1.0_4_99.csv,exp_8_1_ror_hellinger_1.0_4_99_results.json
8,1,ror,hellinger,1.0,4,123,40,75,53.333333333333336,0.10621858620098418,0.033641370575611666,0.14105032436541598,0.04606143739894312,exp_8_1_ror_hellinger_1.0_4_123.csv,exp_8_1_ror_hellinger_1.0_4_123_results.json
8,1,ror,hellinger,1.0,4,2024,31,75,41.333333333333336,0.12522565862441967,0.04894411952166119,0.18792154217042273,0.03933076236658196,exp_8_1_ror_hellinger_1.0_4_2024.csv,exp_8_1_ror_hellinger_1.0_4_2024_results.json
8,1,ror,hellinger,1.0,4,777,32,75,42.666666666666664,0.0959407335685856,0.013449003380770645,0.14521943344017432,0.026004032248716193,exp_8_1_ror_hellinger_1.0_4_777.csv,exp_8_1_ror_hellinger_1.0_4_777_results.json
8,1,ror,hellinger,1.0,4,888,44,75,58.666666666666664,0.11931661882930966,0.04415484703546958,0.11739710402037795,0.039273371599622,exp_8_1_ror_hellinger_1.0_4_888.csv,exp_8_1_ror_hellinger_1.0_4_888_results.json
8,1,ror,hellinger,1.0,4,999,41,75,54.666666666666664,0.10560151306263094,0.04437981296642026,0.10782880063230126,0.049146843080155905,exp_8_1_ror_hellinger_1.0_4_999.csv,exp_8_1_ror_hellinger_1.0_4_999_results.json
8,1,ror,hellinger,1.0,4,1111,39,75,52.0,0.12223014786831857,0.036823250083980755,0.11068006106311405,0.047457333564907646,exp_8_1_ror_hellinger_1.0_4_1111.csv,exp_8_1_ror_hellinger_1.0_4_1111_results.json
8,1,ror,hellinger,1.0,5,1,42,75,56.0,0.11469539762313188,0.049184540728696935,0.14520323298006746,0.039065833869156574,exp_8_1_ror_hellinger_1.0_5_1.csv,exp_8_1_ror_hellinger_1.0_5_1_results.json
8,1,ror,hellinger,1.0,5,42,39,75,52.0,0.1781971862875365,0.024747773171155042,0.09933869595984463,0.04493564266121067,exp_8_1_ror_hellinger_1.0_5_42.csv,exp_8_1_ror_hellinger_1.0_5_42_results.json
8,1,ror,hellinger,1.0,5,35,46,75,61.333333333333336,0.10633066528583465,0.024388005216047736,0.08824580891120065,0.04014686575002592,exp_8_1_ror_hellinger_1.0_5_35.csv,exp_8_1_ror_hellinger_1.0_5_35_results.json
8,1,ror,hellinger,1.0,5,99,32,75,42.666666666666664,0.09481665593637661,0.052533777126588736,0.09577398207694597,0.03559878722935197,exp_8_1_ror_hellinger_1.0_5_99.csv,exp_8_1_ror_hellinger_1.0_5_99_results.json
8,1,ror,hellinger,1.0,5,123,39,75,52.0,0.09127395263127755,0.018724336875660972,0.14945936620119818,0.029288599993099268,exp_8_1_ror_hellinger_1.0_5_123.csv,exp_8_1_ror_hellinger_1.0_5_123_results.json
8,1,ror,hellinger,1.0,5,2024,32,75,42.666666666666664,0.19722311094900424,0.04782628410527722,0.16097658279920715,0.025505672922511408,exp_8_1_ror_hellinger_1.0_5_2024.csv,exp_8_1_ror_hellinger_1.0_5_2024_results.json
8,1,ror,hellinger,1.0,5,777,36,75,48.0,0.11577394962318757,0.014569080147035304,0.11890531924878293,0.02795186240798295,exp_8_1_ror_hellinger_1.0_5_777.csv,exp_8_1_ror_hellinger_1.0_5_777_results.json
8,1,ror,hellinger,1.0,5,888,42,75,56.0,0.11890773191863724,0.044855064949616136,0.13113924841668526,0.042766594575929545,exp_8_1_ror_hellinger_1.0_5_888.csv,exp_8_1_ror_hellinger_1.0_5_888_results.json
8,1,ror,hellinger,1.0,5,999,43,75,57.333333333333336,0.10343882735645706,0.031734018090490736,0.11677062851240048,0.05181722461677257,exp_8_1_ror_hellinger_1.0_5_999.csv,exp_8_1_ror_hellinger_1.0_5_999_results.json
8,1,ror,hellinger,1.0,5,1111,38,75,50.666666666666664,0.1284968884940416,0.026392667942089092,0.11181933972065383,0.038642573222615065,exp_8_1_ror_hellinger_1.0_5_1111.csv,exp_8_1_ror_hellinger_1.0_5_1111_results.json
8,1,ror,hellinger,1.0,6,1,40,75,53.333333333333336,0.12428518357862696,0.04581075936115579,0.15222166094071748,0.03640518807483887,exp_8_1_ror_hellinger_1.0_6_1.csv,exp_8_1_ror_hellinger_1.0_6_1_results.json
8,1,ror,hellinger,1.0,6,42,40,75,53.333333333333336,0.10182680529242476,0.030938879301771104,0.09927587959200851,0.03905318005157272,exp_8_1_ror_hellinger_1.0_6_42.csv,exp_8_1_ror_hellinger_1.0_6_42_results.json
8,1,ror,hellinger,1.0,6,35,44,75,58.666666666666664,0.10127004622949477,0.011909327192876105,0.09698173578014202,0.04183187466881131,exp_8_1_ror_hellinger_1.0_6_35.csv,exp_8_1_ror_hellinger_1.0_6_35_results.json
8,1,ror,hellinger,1.0,6,99,30,75,40.0,0.0945812794945862,0.05059313518707589,0.08926632950482463,0.03203884528938081,exp_8_1_ror_hellinger_1.0_6_99.csv,exp_8_1_ror_hellinger_1.0_6_99_results.json
8,1,ror,hellinger,1.0,6,123,39,75,52.0,0.08380917759817208,0.012339463599429721,0.16058254314813963,0.020992813334820965,exp_8_1_ror_hellinger_1.0_6_123.csv,exp_8_1_ror_hellinger_1.0_6_123_results.json
8,1,ror,hellinger,1.0,6,2024,33,75,44.0,0.215304096534761,0.04072036664716325,0.12574938419706064,0.03315709999490579,exp_8_1_ror_hellinger_1.0_6_2024.csv,exp_8_1_ror_hellinger_1.0_6_2024_results.json
8,1,ror,hellinger,1.0,6,777,30,75,40.0,0.10639962167364156,0.022346942262126454,0.11862787616289724,0.0286545200907272,exp_8_1_ror_hellinger_1.0_6_777.csv,exp_8_1_ror_hellinger_1.0_6_777_results.json
8,1,ror,hellinger,1.0,6,888,35,75,46.666666666666664,0.11391493206771472,0.039210306753820375,0.1405014056371196,0.029030416482468166,exp_8_1_ror_hellinger_1.0_6_888.csv,exp_8_1_ror_hellinger_1.0_6_888_results.json
8,1,ror,hellinger,1.0,6,999,42,75,56.0,0.11014854019178608,0.02209978546864761,0.12031688463905517,0.04635371401083731,exp_8_1_ror_hellinger_1.0_6_999.csv,exp_8_1_ror_hellinger_1.0_6_999_results.json
8,1,ror,hellinger,1.0,6,1111,36,75,48.0,0.13924418880544007,0.011774922951564041,0.10524356947761,0.03145396723465313,exp_8_1_ror_hellinger_1.0_6_1111.csv,exp_8_1_ror_hellinger_1.0_6_1111_results.json
8,1,ror,hellinger,1.0,7,1,39,75,52.0,0.11885687718707377,0.03611649797469588,0.15037725846808755,0.02412739260191102,exp_8_1_ror_hellinger_1.0_7_1.csv,exp_8_1_ror_hellinger_1.0_7_1_results.json
8,1,ror,hellinger,1.0,7,42,42,75,56.0,0.10490764362525748,0.028037182831250024,0.09554579331722222,0.03337673834932298,exp_8_1_ror_hellinger_1.0_7_42.csv,exp_8_1_ror_hellinger_1.0_7_42_results.json
8,1,ror,hellinger,1.0,7,35,45,75,60.0,0.10085355267424093,0.012059225970830006,0.08499295426690213,0.0377320426756435,exp_8_1_ror_hellinger_1.0_7_35.csv,exp_8_1_ror_hellinger_1.0_7_35_results.json
8,1,ror,hellinger,1.0,7,99,28,75,37.333333333333336,0.10076976964215027,0.04281044505756674,0.0915616842706893,0.029929244287641047,exp_8_1_ror_hellinger_1.0_7_99.csv,exp_8_1_ror_hellinger_1.0_7_99_results.json
8,1,ror,hellinger,1.0,7,123,39,75,52.0,0.07449232452010043,0.02469508396359599,0.16351607051661377,0.020459016624630306,exp_8_1_ror_hellinger_1.0_7_123.csv,exp_8_1_ror_hellinger_1.0_7_123_results.json
8,1,ror,hellinger,1.0,7,2024,35,75,46.666666666666664,0.21973527871374152,0.03229073035343664,0.11012732969978786,0.030202460441902727,exp_8_1_ror_hellinger_1.0_7_2024.csv,exp_8_1_ror_hellinger_1.0_7_2024_results.json
8,1,ror,hellinger,1.0,7,777,29,75,38.666666666666664,0.11366096909861995,0.011960104148537804,0.11440467442006799,0.02735010515646629,exp_8_1_ror_hellinger_1.0_7_777.csv,exp_8_1_ror_hellinger_1.0_7_777_results.json
8,1,ror,hellinger,1.0,7,888,35,75,46.666666666666664,0.1126748797328873,0.03906816460129982,0.1514661971637979,0.02406242008260533,exp_8_1_ror_hellinger_1.0_7_888.csv,exp_8_1_ror_hellinger_1.0_7_888_results.json
8,1,ror,hellinger,1.0,7,999,39,75,52.0,0.12103227093588892,0.0,0.12171002111620062,0.03746547310398313,exp_8_1_ror_hellinger_1.0_7_999.csv,exp_8_1_ror_hellinger_1.0_7_999_results.json
8,1,ror,hellinger,1.0,7,1111,34,75,45.333333333333336,0.14049773000268911,0.014400153272534784,0.10814609850484647,0.033009133548950444,exp_8_1_ror_hellinger_1.0_7_1111.csv,exp_8_1_ror_hellinger_1.0_7_1111_results.json
8,1,ror,hellinger,1.25,3,1,43,75,57.333333333333336,0.1203016070476314,0.045836158510930904,0.13028396636501133,0.056834864182003245,exp_8_1_ror_hellinger_1.25_3_1.csv,exp_8_1_ror_hellinger_1.25_3_1_results.json
8,1,ror,hellinger,1.25,3,42,35,75,46.666666666666664,0.09050499872541803,0.04510541541318054,0.3040663554915876,0.04794046792554957,exp_8_1_ror_hellinger_1.25_3_42.csv,exp_8_1_ror_hellinger_1.25_3_42_results.json
8,1,ror,hellinger,1.25,3,35,45,75,60.0,0.10833604479241667,0.04592136122988197,0.11301900998068108,0.05013143258272875,exp_8_1_ror_hellinger_1.25_3_35.csv,exp_8_1_ror_hellinger_1.25_3_35_results.json
8,1,ror,hellinger,1.25,3,99,35,75,46.666666666666664,0.09007410832426235,0.049795905547613616,0.10881669022710323,0.04106921725284304,exp_8_1_ror_hellinger_1.25_3_99.csv,exp_8_1_ror_hellinger_1.25_3_99_results.json
8,1,ror,hellinger,1.25,3,123,38,75,50.666666666666664,0.11553909141065348,0.04422492694009671,0.15394404882135165,0.02916653981713438,exp_8_1_ror_hellinger_1.25_3_123.csv,exp_8_1_ror_hellinger_1.25_3_123_results.json
8,1,ror,hellinger,1.25,3,2024,34,75,45.333333333333336,0.12251610315658734,0.04890590171648655,0.2213760989975758,0.04377839161848914,exp_8_1_ror_hellinger_1.25_3_2024.csv,exp_8_1_ror_hellinger_1.25_3_2024_results.json
8,1,ror,hellinger,1.25,3,777,34,75,45.333333333333336,0.10349801498025382,0.01704844552401009,0.11689806260424301,0.03705662132732215,exp_8_1_ror_hellinger_1.25_3_777.csv,exp_8_1_ror_hellinger_1.25_3_777_results.json
8,1,ror,hellinger,1.25,3,888,48,75,64.0,0.11636953787461866,0.043041407555038186,0.10296356458696981,0.05455853325594647,exp_8_1_ror_hellinger_1.25_3_888.csv,exp_8_1_ror_hellinger_1.25_3_888_results.json
8,1,ror,hellinger,1.25,3,999,41,75,54.666666666666664,0.11863645653959005,0.046102764357106,0.11779028574250115,0.05059617118812087,exp_8_1_ror_hellinger_1.25_3_999.csv,exp_8_1_ror_hellinger_1.25_3_999_results.json
8,1,ror,hellinger,1.25,3,1111,37,75,49.333333333333336,0.1258176017428701,0.017580155160194157,0.10983806862760724,0.050649976718472045,exp_8_1_ror_hellinger_1.25_3_1111.csv,exp_8_1_ror_hellinger_1.25_3_1111_results.json
8,1,ror,hellinger,1.25,4,1,39,75,52.0,0.1155170523239721,0.041362164709609385,0.14395260929783482,0.03734120648779463,exp_8_1_ror_hellinger_1.25_4_1.csv,exp_8_1_ror_hellinger_1.25_4_1_results.json
8,1,ror,hellinger,1.25,4,42,38,75,50.666666666666664,0.19846587977691638,0.037470311426154514,0.10176640978468185,0.04225269739131365,exp_8_1_ror_hellinger_1.25_4_42.csv,exp_8_1_ror_hellinger_1.25_4_42_results.json
8,1,ror,hellinger,1.25,4,35,42,75,56.0,0.10735061546716082,0.042950021949107714,0.0964629339665643,0.04432112308838725,exp_8_1_ror_hellinger_1.25_4_35.csv,exp_8_1_ror_hellinger_1.25_4_35_results.json
8,1,ror,hellinger,1.25,4,99,33,75,44.0,0.0912923612505394,0.05230404009094907,0.1129590430219436,0.03247270371896804,exp_8_1_ror_hellinger_1.25_4_99.csv,exp_8_1_ror_hellinger_1.25_4_99_results.json
8,1,ror,hellinger,1.25,4,123,39,75,52.0,0.09277263990724029,0.04266717929749786,0.17343303869525387,0.02744909965482795,exp_8_1_ror_hellinger_1.25_4_123.csv,exp_8_1_ror_hellinger_1.25_4_123_results.json
8,1,ror,hellinger,1.25,4,2024,31,75,41.333333333333336,0.12808454846498044,0.049064277306040106,0.19602241683551444,0.027956822616580206,exp_8_1_ror_hellinger_1.25_4_2024.csv,exp_8_1_ror_hellinger_1.25_4_2024_results.json
8,1,ror,hellinger,1.25,4,777,38,75,50.666666666666664,0.11748210342467638,0.013087460036487097,0.12232775829395418,0.033424937158472286,exp_8_1_ror_hellinger_1.25_4_777.csv,exp_8_1_ror_hellinger_1.25_4_777_results.json
8,1,ror,hellinger,1.25,4,888,37,75,49.333333333333336,0.12128563330701497,0.04332620810012405,0.11962838464615652,0.03170317550114475,exp_8_1_ror_hellinger_1.25_4_888.csv,exp_8_1_ror_hellinger_1.25_4_888_results.json
8,1,ror,hellinger,1.25,4,999,43,75,57.333333333333336,0.10609066242347465,0.03207057099899888,0.12777668604916004,0.03847354300010786,exp_8_1_ror_hellinger_1.25_4_999.csv,exp_8_1_ror_hellinger_1.25_4_999_results.json
8,1,ror,hellinger,1.25,4,1111,42,75,56.0,0.1333130597394013,0.006732433699061335,0.11267218880011773,0.03498498739444199,exp_8_1_ror_hellinger_1.25_4_1111.csv,exp_8_1_ror_hellinger_1.25_4_1111_results.json
8,1,ror,hellinger,1.25,5,1,39,75,52.0,0.11457697150236523,0.04231270731359548,0.15041467814825754,0.031203308140020675,exp_8_1_ror_hellinger_1.25_5_1.csv,exp_8_1_ror_hellinger_1.25_5_1_results.json
8,1,ror,hellinger,1.25,5,42,40,75,53.333333333333336,0.11193603542198681,0.030680931768105713,0.09834741560561203,0.03515175877032304,exp_8_1_ror_hellinger_1.25_5_42.csv,exp_8_1_ror_hellinger_1.25_5_42_results.json
8,1,ror,hellinger,1.25,5,35,44,75,58.666666666666664,0.10974568822475085,0.02634559207583781,0.09200279836791446,0.03456177759729763,exp_8_1_ror_hellinger_1.25_5_35.csv,exp_8_1_ror_hellinger_1.25_5_35_results.json
8,1,ror,hellinger,1.25,5,99,31,75,41.333333333333336,0.0964011796456455,0.0483091124727101,0.10598263080154702,0.03138199240272229,exp_8_1_ror_hellinger_1.25_5_99.csv,exp_8_1_ror_hellinger_1.25_5_99_results.json
8,1,ror,hellinger,1.25,5,123,39,75,52.0,0.08379858851872139,0.02798820379744043,0.1738645143413218,0.014878391852698947,exp_8_1_ror_hellinger_1.25_5_123.csv,exp_8_1_ror_hellinger_1.25_5_123_results.json
8,1,ror,hellinger,1.25,5,2024,34,75,45.333333333333336,0.13473582498818942,0.038009212727296994,0.21698145924719514,0.026619580046511732,exp_8_1_ror_hellinger_1.25_5_2024.csv,exp_8_1_ror_hellinger_1.25_5_2024_results.json
8,1,ror,hellinger,1.25,5,777,30,75,40.0,0.11019112749643066,0.00974974621505837,0.12106724011034961,0.03253680388050551,exp_8_1_ror_hellinger_1.25_5_777.csv,exp_8_1_ror_hellinger_1.25_5_777_results.json
8,1,ror,hellinger,1.25,5,888,36,75,48.0,0.11429256523508508,0.0430397946892087,0.12219154114844334,0.024452465038730966,exp_8_1_ror_hellinger_1.25_5_888.csv,exp_8_1_ror_hellinger_1.25_5_888_results.json
8,1,ror,hellinger,1.25,5,999,41,75,54.666666666666664,0.11831795900306888,0.01923120864049655,0.13739587409580387,0.03587818809812256,exp_8_1_ror_hellinger_1.25_5_999.csv,exp_8_1_ror_hellinger_1.25_5_999_results.json
8,1,ror,hellinger,1.25,5,1111,32,75,42.666666666666664,0.14326499464262155,0.013852804414485618,0.11060294991952496,0.028107960042647605,exp_8_1_ror_hellinger_1.25_5_1111.csv,exp_8_1_ror_hellinger_1.25_5_1111_results.json
8,1,ror,hellinger,1.25,6,1,38,75,50.666666666666664,0.11320245236853177,0.042929337691764186,0.15598559197136772,0.024489516611305297,exp_8_1_ror_hellinger_1.25_6_1.csv,exp_8_1_ror_hellinger_1.25_6_1_results.json
8,1,ror,hellinger,1.25,6,42,41,75,54.666666666666664,0.11521675335198373,0.027899192644807586,0.09778345463179726,0.024809255762873083,exp_8_1_ror_hellinger_1.25_6_42.csv,exp_8_1_ror_hellinger_1.25_6_42_results.json
8,1,ror,hellinger,1.25,6,35,42,75,56.0,0.1058590334030876,0.02119790300216679,0.08959223459325595,0.026035276356211664,exp_8_1_ror_hellinger_1.25_6_35.csv,exp_8_1_ror_hellinger_1.25_6_35_results.json
8,1,ror,hellinger,1.25,6,99,27,75,36.0,0.10696320481532057,0.04135764391970655,0.09849946079097556,0.022606269279618552,exp_8_1_ror_hellinger_1.25_6_99.csv,exp_8_1_ror_hellinger_1.25_6_99_results.json
8,1,ror,hellinger,1.25,6,123,34,75,45.333333333333336,0.07260435259564477,0.012366738106439836,0.17422570675036073,0.0098057195809906,exp_8_1_ror_hellinger_1.25_6_123.csv,exp_8_1_ror_hellinger_1.25_6_123_results.json
8,1,ror,hellinger,1.25,6,2024,33,75,44.0,0.1395467713532211,0.03241970576334249,0.2353926538128746,0.024537591051176758,exp_8_1_ror_hellinger_1.25_6_2024.csv,exp_8_1_ror_hellinger_1.25_6_2024_results.json
8,1,ror,hellinger,1.25,6,777,27,75,36.0,0.08814177156605056,0.0,0.12159451759565415,0.031177196245702844,exp_8_1_ror_hellinger_1.25_6_777.csv,exp_8_1_ror_hellinger_1.25_6_777_results.json
8,1,ror,hellinger,1.25,6,888,34,75,45.333333333333336,0.09833583855807529,0.036589338038862974,0.12587338772914908,0.025515444670084153,exp_8_1_ror_hellinger_1.25_6_888.csv,exp_8_1_ror_hellinger_1.25_6_888_results.json
8,1,ror,hellinger,1.25,6,999,38,75,50.666666666666664,0.08911007110601049,0.0,0.1402656004047237,0.03439879907046538,exp_8_1_ror_hellinger_1.25_6_999.csv,exp_8_1_ror_hellinger_1.25_6_999_results.json
8,1,ror,hellinger,1.25,6,1111,31,75,41.333333333333336,0.14429266509492505,0.020948812402869093,0.1107847520362297,0.027731596433853496,exp_8_1_ror_hellinger_1.25_6_1111.csv,exp_8_1_ror_hellinger_1.25_6_1111_results.json
8,1,ror,hellinger,1.25,7,1,38,75,50.666666666666664,0.11012275958444724,0.033163335485926516,0.16290964502845465,0.008865959246883909,exp_8_1_ror_hellinger_1.25_7_1.csv,exp_8_1_ror_hellinger_1.25_7_1_results.json
8,1,ror,hellinger,1.25,7,42,37,75,49.333333333333336,0.12164680040285207,0.019138586055446414,0.09790253224090918,0.022682328163241908,exp_8_1_ror_hellinger_1.25_7_42.csv,exp_8_1_ror_hellinger_1.25_7_42_results.json
8,1,ror,hellinger,1.25,7,35,45,75,60.0,0.09858557449772336,0.009450966649510428,0.082545002781343,0.016808370500730307,exp_8_1_ror_hellinger_1.25_7_35.csv,exp_8_1_ror_hellinger_1.25_7_35_results.json
8,1,ror,hellinger,1.25,7,99,27,75,36.0,0.11359146937047784,0.015626192457075867,0.0945328192020563,0.023760495852242436,exp_8_1_ror_hellinger_1.25_7_99.csv,exp_8_1_ror_hellinger_1.25_7_99_results.json
8,1,ror,hellinger,1.25,7,123,33,75,44.0,0.08385343206523388,0.021810829512017703,0.1796286144429095,0.01849059844937924,exp_8_1_ror_hellinger_1.25_7_123.csv,exp_8_1_ror_hellinger_1.25_7_123_results.json
8,1,ror,hellinger,1.25,7,2024,34,75,45.333333333333336,0.14101537572879255,0.03374184269412235,0.24905198045979085,0.015239600510572287,exp_8_1_ror_hellinger_1.25_7_2024.csv,exp_8_1_ror_hellinger_1.25_7_2024_results.json
8,1,ror,hellinger,1.25,7,777,26,75,34.666666666666664,0.09313003192723472,0.0,0.12050469004646637,0.027679390575066645,exp_8_1_ror_hellinger_1.25_7_777.csv,exp_8_1_ror_hellinger_1.25_7_777_results.json
8,1,ror,hellinger,1.25,7,888,32,75,42.666666666666664,0.09770408024469304,0.03043451737142233,0.12687763300074617,0.016553354622851308,exp_8_1_ror_hellinger_1.25_7_888.csv,exp_8_1_ror_hellinger_1.25_7_888_results.json
8,1,ror,hellinger,1.25,7,999,40,75,53.333333333333336,0.08586156509602726,0.0,0.13641901163710837,0.033378074465118694,exp_8_1_ror_hellinger_1.25_7_999.csv,exp_8_1_ror_hellinger_1.25_7_999_results.json
8,1,ror,hellinger,1.25,7,1111,35,75,46.666666666666664,0.15044068511850636,0.0,0.08950873185935151,0.021569194818842376,exp_8_1_ror_hellinger_1.25_7_1111.csv,exp_8_1_ror_hellinger_1.25_7_1111_results.json
8,1,ror,hellinger,1.5,3,1,42,75,56.0,0.1177955371096024,0.03554072796720504,0.13435225345331134,0.04035963499233097,exp_8_1_ror_hellinger_1.5_3_1.csv,exp_8_1_ror_hellinger_1.5_3_1_results.json
8,1,ror,hellinger,1.5,3,42,39,75,52.0,0.25829942190685284,0.03761338226045123,0.10180429662355825,0.03579262573342524,exp_8_1_ror_hellinger_1.5_3_42.csv,exp_8_1_ror_hellinger_1.5_3_42_results.json
8,1,ror,hellinger,1.5,3,35,39,75,52.0,0.0884206250082688,0.041641683317500205,0.11272420317649537,0.03615270931491097,exp_8_1_ror_hellinger_1.5_3_35.csv,exp_8_1_ror_hellinger_1.5_3_35_results.json
8,1,ror,hellinger,1.5,3,99,35,75,46.666666666666664,0.10328774933792677,0.04280069382935843,0.121110135036275,0.04583860946595203,exp_8_1_ror_hellinger_1.5_3_99.csv,exp_8_1_ror_hellinger_1.5_3_99_results.json
8,1,ror,hellinger,1.5,3,123,39,75,52.0,0.09871507464527783,0.03206001016716176,0.17828218245719385,0.036482682891806714,exp_8_1_ror_hellinger_1.5_3_123.csv,exp_8_1_ror_hellinger_1.5_3_123_results.json
8,1,ror,hellinger,1.5,3,2024,29,75,38.666666666666664,0.12088136479410061,0.04449099545922825,0.2088083054183193,0.04209156226041557,exp_8_1_ror_hellinger_1.5_3_2024.csv,exp_8_1_ror_hellinger_1.5_3_2024_results.json
8,1,ror,hellinger,1.5,3,777,38,75,50.666666666666664,0.11585119901023894,0.02455032572844568,0.12665444745198723,0.036900624452766144,exp_8_1_ror_hellinger_1.5_3_777.csv,exp_8_1_ror_hellinger_1.5_3_777_results.json
8,1,ror,hellinger,1.5,3,888,39,75,52.0,0.12191161406437372,0.03905680920632183,0.09738151894068507,0.044279658739247725,exp_8_1_ror_hellinger_1.5_3_888.csv,exp_8_1_ror_hellinger_1.5_3_888_results.json
8,1,ror,hellinger,1.5,3,999,45,75,60.0,0.1158832070001269,0.02975854973263399,0.1447587412947501,0.03495753023214656,exp_8_1_ror_hellinger_1.5_3_999.csv,exp_8_1_ror_hellinger_1.5_3_999_results.json
8,1,ror,hellinger,1.5,3,1111,42,75,56.0,0.13411644205434847,0.024576444714640627,0.11261053037286704,0.04447966212684734,exp_8_1_ror_hellinger_1.5_3_1111.csv,exp_8_1_ror_hellinger_1.5_3_1111_results.json
8,1,ror,hellinger,1.5,4,1,36,75,48.0,0.11326275215772462,0.040560836935461614,0.14858387165553175,0.03356072938139789,exp_8_1_ror_hellinger_1.5_4_1.csv,exp_8_1_ror_hellinger_1.5_4_1_results.json
8,1,ror,hellinger,1.5,4,42,40,75,53.333333333333336,0.13844003630979795,0.029727936777572538,0.09573137664024746,0.027792444615617095,exp_8_1_ror_hellinger_1.5_4_42.csv,exp_8_1_ror_hellinger_1.5_4_42_results.json
8,1,ror,hellinger,1.5,4,35,39,75,52.0,0.10696150480218304,0.03499232442790817,0.09737362323419457,0.0374471757109519,exp_8_1_ror_hellinger_1.5_4_35.csv,exp_8_1_ror_hellinger_1.5_4_35_results.json
8,1,ror,hellinger,1.5,4,99,32,75,42.666666666666664,0.11203700547443107,0.04762446682052215,0.12262784027960008,0.03337043178274014,exp_8_1_ror_hellinger_1.5_4_99.csv,exp_8_1_ror_hellinger_1.5_4_99_results.json
8,1,ror,hellinger,1.5,4,123,36,75,48.0,0.08606105176364569,0.04114045299886583,0.19133002159658527,0.020720351143316475,exp_8_1_ror_hellinger_1.5_4_123.csv,exp_8_1_ror_hellinger_1.5_4_123_results.json
8,1,ror,hellinger,1.5,4,2024,32,75,42.666666666666664,0.1296465131466199,0.037650815769134705,0.1985417046333253,0.03041899294676201,exp_8_1_ror_hellinger_1.5_4_2024.csv,exp_8_1_ror_hellinger_1.5_4_2024_results.json
8,1,ror,hellinger,1.5,4,777,35,75,46.666666666666664,0.09992764505340807,0.030248298286916605,0.12121880796566542,0.0333723216577331,exp_8_1_ror_hellinger_1.5_4_777.csv,exp_8_1_ror_hellinger_1.5_4_777_results.json
8,1,ror,hellinger,1.5,4,888,30,75,40.0,0.11295073169533336,0.04182449211117179,0.10273907530458432,0.03516902839532482,exp_8_1_ror_hellinger_1.5_4_888.csv,exp_8_1_ror_hellinger_1.5_4_888_results.json
8,1,ror,hellinger,1.5,4,999,43,75,57.333333333333336,0.10068098260175169,0.01800910446506683,0.15843718680795457,0.02835404794314925,exp_8_1_ror_hellinger_1.5_4_999.csv,exp_8_1_ror_hellinger_1.5_4_999_results.json
8,1,ror,hellinger,1.5,4,1111,36,75,48.0,0.14269983878644585,0.0311322073789441,0.12072242496149772,0.028525435075947767,exp_8_1_ror_hellinger_1.5_4_1111.csv,exp_8_1_ror_hellinger_1.5_4_1111_results.json
8,1,ror,hellinger,1.5,5,1,34,75,45.333333333333336,0.10982990599624773,0.028045769107000643,0.16354736299223893,0.02609020306431951,exp_8_1_ror_hellinger_1.5_5_1.csv,exp_8_1_ror_hellinger_1.5_5_1_results.json
8,1,ror,hellinger,1.5,5,42,40,75,53.333333333333336,0.12078318831133747,0.02824455376921092,0.09767640440633638,0.02758103302497424,exp_8_1_ror_hellinger_1.5_5_42.csv,exp_8_1_ror_hellinger_1.5_5_42_results.json
8,1,ror,hellinger,1.5,5,35,41,75,54.666666666666664,0.10471395585979507,0.02482210792264142,0.09349301350086263,0.026645707024938937,exp_8_1_ror_hellinger_1.5_5_35.csv,exp_8_1_ror_hellinger_1.5_5_35_results.json
8,1,ror,hellinger,1.5,5,99,31,75,41.333333333333336,0.10849146640612017,0.043903184887821065,0.11038485432146858,0.02060974252786342,exp_8_1_ror_hellinger_1.5_5_99.csv,exp_8_1_ror_hellinger_1.5_5_99_results.json
8,1,ror,hellinger,1.5,5,123,30,75,40.0,0.07692550063198443,0.03889609674444125,0.1955377310646686,0.01759108839031559,exp_8_1_ror_hellinger_1.5_5_123.csv,exp_8_1_ror_hellinger_1.5_5_123_results.json
8,1,ror,hellinger,1.5,5,2024,39,75,52.0,0.13243297604748813,0.013896690192255728,0.2227614228282582,0.0203350366867112,exp_8_1_ror_hellinger_1.5_5_2024.csv,exp_8_1_ror_hellinger_1.5_5_2024_results.json
8,1,ror,hellinger,1.5,5,777,32,75,42.666666666666664,0.08555714910395375,0.011048880667490397,0.11286000919176833,0.029923728214722164,exp_8_1_ror_hellinger_1.5_5_777.csv,exp_8_1_ror_hellinger_1.5_5_777_results.json
8,1,ror,hellinger,1.5,5,888,31,75,41.333333333333336,0.09737196651439778,0.03839145520602254,0.1048892342403705,0.0244324071136405,exp_8_1_ror_hellinger_1.5_5_888.csv,exp_8_1_ror_hellinger_1.5_5_888_results.json
8,1,ror,hellinger,1.5,5,999,42,75,56.0,0.0914013766668774,0.0,0.1553790166712924,0.029099338574429316,exp_8_1_ror_hellinger_1.5_5_999.csv,exp_8_1_ror_hellinger_1.5_5_999_results.json
8,1,ror,hellinger,1.5,5,1111,33,75,44.0,0.14945484606589837,0.024192189429900295,0.10226147788703067,0.021688158917419025,exp_8_1_ror_hellinger_1.5_5_1111.csv,exp_8_1_ror_hellinger_1.5_5_1111_results.json
8,1,ror,hellinger,1.5,6,1,34,75,45.333333333333336,0.11131821249515157,0.026338227699825578,0.16852608827264756,0.016288007575166366,exp_8_1_ror_hellinger_1.5_6_1.csv,exp_8_1_ror_hellinger_1.5_6_1_results.json
8,1,ror,hellinger,1.5,6,42,35,75,46.666666666666664,0.1255522098393733,0.011048880667490397,0.08844624782149953,0.02461847796865058,exp_8_1_ror_hellinger_1.5_6_42.csv,exp_8_1_ror_hellinger_1.5_6_42_results.json
8,1,ror,hellinger,1.5,6,35,37,75,49.333333333333336,0.10198864972940226,0.011634914302402613,0.08312179843022842,0.023636148773021046,exp_8_1_ror_hellinger_1.5_6_35.csv,exp_8_1_ror_hellinger_1.5_6_35_results.json
8,1,ror,hellinger,1.5,6,99,31,75,41.333333333333336,0.11662503263500323,0.011048880667490397,0.1013430450117523,0.01248055990844283,exp_8_1_ror_hellinger_1.5_6_99.csv,exp_8_1_ror_hellinger_1.5_6_99_results.json
8,1,ror,hellinger,1.5,6,123,33,75,44.0,0.07150077746764115,0.020671331451546916,0.18963823926781748,0.014118388201612913,exp_8_1_ror_hellinger_1.5_6_123.csv,exp_8_1_ror_hellinger_1.5_6_123_results.json
8,1,ror,hellinger,1.5,6,2024,34,75,45.333333333333336,0.14078048848116806,0.018088828377058077,0.24543189151279723,0.023987397029244194,exp_8_1_ror_hellinger_1.5_6_2024.csv,exp_8_1_ror_hellinger_1.5_6_2024_results.json
8,1,ror,hellinger,1.5,6,777,28,75,37.333333333333336,0.09246200206756461,0.0,0.10655992327415166,0.02557821708164613,exp_8_1_ror_hellinger_1.5_6_777.csv,exp_8_1_ror_hellinger_1.5_6_777_results.json
8,1,ror,hellinger,1.5,6,888,33,75,44.0,0.09474031880558174,0.029916103360579278,0.10611078660360507,0.025762636871792248,exp_8_1_ror_hellinger_1.5_6_888.csv,exp_8_1_ror_hellinger_1.5_6_888_results.json
8,1,ror,hellinger,1.5,6,999,37,75,49.333333333333336,0.08581288985379308,0.0,0.153673888283202,0.015930762946356047,exp_8_1_ror_hellinger_1.5_6_999.csv,exp_8_1_ror_hellinger_1.5_6_999_results.json
8,1,ror,hellinger,1.5,6,1111,31,75,41.333333333333336,0.16078209559995543,0.0,0.08363338020698036,0.020027049758507474,exp_8_1_ror_hellinger_1.5_6_1111.csv,exp_8_1_ror_hellinger_1.5_6_1111_results.json
8,1,ror,hellinger,1.5,7,1,35,75,46.666666666666664,0.10626123875617854,0.02470906597069302,0.17774758913629296,0.01390676597790585,exp_8_1_ror_hellinger_1.5_7_1.csv,exp_8_1_ror_hellinger_1.5_7_1_results.json
8,1,ror,hellinger,1.5,7,42,32,75,42.666666666666664,0.13101780319882167,0.0,0.08165843994678708,0.019978327639026575,exp_8_1_ror_hellinger_1.5_7_42.csv,exp_8_1_ror_hellinger_1.5_7_42_results.json
8,1,ror,hellinger,1.5,7,35,40,75,53.333333333333336,0.09766538723230798,0.017567213786408513,0.0819490947776519,0.018296313083294585,exp_8_1_ror_hellinger_1.5_7_35.csv,exp_8_1_ror_hellinger_1.5_7_35_results.json
8,1,ror,hellinger,1.5,7,99,31,75,41.333333333333336,0.09619669790257189,0.0,0.13558825648077416,0.014372138437174175,exp_8_1_ror_hellinger_1.5_7_99.csv,exp_8_1_ror_hellinger_1.5_7_99_results.json
8,1,ror,hellinger,1.5,7,123,28,75,37.333333333333336,0.07382841700235268,0.024156210778723784,0.18810959215099923,0.0,exp_8_1_ror_hellinger_1.5_7_123.csv,exp_8_1_ror_hellinger_1.5_7_123_results.json
8,1,ror,hellinger,1.5,7,2024,32,75,42.666666666666664,0.13618411193957483,0.017874381288646265,0.26129616856798527,0.025747015248724494,exp_8_1_ror_hellinger_1.5_7_2024.csv,exp_8_1_ror_hellinger_1.5_7_2024_results.json
8,1,ror,hellinger,1.5,7,777,31,75,41.333333333333336,0.09125911363621986,0.0,0.10507462887013497,0.0266470313597955,exp_8_1_ror_hellinger_1.5_7_777.csv,exp_8_1_ror_hellinger_1.5_7_777_results.json
8,1,ror,hellinger,1.5,7,888,34,75,45.333333333333336,0.09769515181268092,0.01794423247032049,0.10403633078892206,0.0,exp_8_1_ror_hellinger_1.5_7_888.csv,exp_8_1_ror_hellinger_1.5_7_888_results.json
8,1,ror,hellinger,1.5,7,999,33,75,44.0,0.07990903433721452,0.0,0.1504710623466452,0.02775634783758792,exp_8_1_ror_hellinger_1.5_7_999.csv,exp_8_1_ror_hellinger_1.5_7_999_results.json
8,1,ror,hellinger,1.5,7,1111,33,75,44.0,0.17428093685549717,0.0,0.07691296199210332,0.025806750399058866,exp_8_1_ror_hellinger_1.5_7_1111.csv,exp_8_1_ror_hellinger_1.5_7_1111_results.json
8,1,ror,hellinger,1.75,3,1,35,75,46.666666666666664,0.10683059535282949,0.04016089534912763,0.1461853349985795,0.03907042199648993,exp_8_1_ror_hellinger_1.75_3_1.csv,exp_8_1_ror_hellinger_1.75_3_1_results.json
8,1,ror,hellinger,1.75,3,42,36,75,48.0,0.21591424990142868,0.03334498990800298,0.09246152651349901,0.0337513303368659,exp_8_1_ror_hellinger_1.75_3_42.csv,exp_8_1_ror_hellinger_1.75_3_42_results.json
8,1,ror,hellinger,1.75,3,35,42,75,56.0,0.11082494921113521,0.029819037059449292,0.1124451876603871,0.036440562586242384,exp_8_1_ror_hellinger_1.75_3_35.csv,exp_8_1_ror_hellinger_1.75_3_35_results.json
8,1,ror,hellinger,1.75,3,99,35,75,46.666666666666664,0.09238947264261103,0.0348569544395346,0.13182475855657325,0.03381832604600153,exp_8_1_ror_hellinger_1.75_3_99.csv,exp_8_1_ror_hellinger_1.75_3_99_results.json
8,1,ror,hellinger,1.75,3,123,38,75,50.666666666666664,0.08738926792001338,0.0183090626242353,0.19716219965342255,0.018186684156916568,exp_8_1_ror_hellinger_1.75_3_123.csv,exp_8_1_ror_hellinger_1.75_3_123_results.json
8,1,ror,hellinger,1.75,3,2024,25,75,33.333333333333336,0.12098272010257749,0.04306672953622771,0.19757181683445224,0.026958878648154272,exp_8_1_ror_hellinger_1.75_3_2024.csv,exp_8_1_ror_hellinger_1.75_3_2024_results.json
8,1,ror,hellinger,1.75,3,777,34,75,45.333333333333336,0.09616120866452077,0.026760704213293775,0.12092427768243211,0.03240124866121033,exp_8_1_ror_hellinger_1.75_3_777.csv,exp_8_1_ror_hellinger_1.75_3_777_results.json
8,1,ror,hellinger,1.75,3,888,37,75,49.333333333333336,0.10900450137141066,0.028779317567849683,0.09709953911408968,0.03283162830141591,exp_8_1_ror_hellinger_1.75_3_888.csv,exp_8_1_ror_hellinger_1.75_3_888_results.json
8,1,ror,hellinger,1.75,3,999,42,75,56.0,0.09590396895700401,0.027037771161118333,0.16381285198618467,0.04230626952006344,exp_8_1_ror_hellinger_1.75_3_999.csv,exp_8_1_ror_hellinger_1.75_3_999_results.json
8,1,ror,hellinger,1.75,3,1111,39,75,52.0,0.14265072018981548,0.03887234106270679,0.11767573701577111,0.039676651141991315,exp_8_1_ror_hellinger_1.75_3_1111.csv,exp_8_1_ror_hellinger_1.75_3_1111_results.json
8,1,ror,hellinger,1.75,4,1,31,75,41.333333333333336,0.12183992609005119,0.025951585543849767,0.16263610651742055,0.03655551043341968,exp_8_1_ror_hellinger_1.75_4_1.csv,exp_8_1_ror_hellinger_1.75_4_1_results.json
8,1,ror,hellinger,1.75,4,42,36,75,48.0,0.12635792984067767,0.025543358152275607,0.09440379789619861,0.030668909245277053,exp_8_1_ror_hellinger_1.75_4_42.csv,exp_8_1_ror_hellinger_1.75_4_42_results.json
8,1,ror,hellinger,1.75,4,35,33,75,44.0,0.10780356617290664,0.02922712938936282,0.10974251521763133,0.02669651588013811,exp_8_1_ror_hellinger_1.75_4_35.csv,exp_8_1_ror_hellinger_1.75_4_35_results.json
8,1,ror,hellinger,1.75,4,99,40,75,53.333333333333336,0.12368887433505309,0.021852681293122324,0.1318478812633261,0.03215603799855186,exp_8_1_ror_hellinger_1.75_4_99.csv,exp_8_1_ror_hellinger_1.75_4_99_results.json
8,1,ror,hellinger,1.75,4,123,34,75,45.333333333333336,0.08239288236928143,0.03593275328624047,0.20450719000543677,0.016845258924770488,exp_8_1_ror_hellinger_1.75_4_123.csv,exp_8_1_ror_hellinger_1.75_4_123_results.json
8,1,ror,hellinger,1.75,4,2024,33,75,44.0,0.1331902785116477,0.03537674395063036,0.19655701227062294,0.01942961490368799,exp_8_1_ror_hellinger_1.75_4_2024.csv,exp_8_1_ror_hellinger_1.75_4_2024_results.json
8,1,ror,hellinger,1.75,4,777,35,75,46.666666666666664,0.1069644894766252,0.00446158423767233,0.11580480971417816,0.02556801525018368,exp_8_1_ror_hellinger_1.75_4_777.csv,exp_8_1_ror_hellinger_1.75_4_777_results.json
8,1,ror,hellinger,1.75,4,888,27,75,36.0,0.10496370006811818,0.03885645857210163,0.10298506041471812,0.02266775770062768,exp_8_1_ror_hellinger_1.75_4_888.csv,exp_8_1_ror_hellinger_1.75_4_888_results.json
8,1,ror,hellinger,1.75,4,999,41,75,54.666666666666664,0.09104406766776972,0.0,0.1708668633793877,0.03566475931023316,exp_8_1_ror_hellinger_1.75_4_999.csv,exp_8_1_ror_hellinger_1.75_4_999_results.json
8,1,ror,hellinger,1.75,4,1111,34,75,45.333333333333336,0.15373538677184612,0.03160957452038203,0.10469044304519823,0.020485993759134347,exp_8_1_ror_hellinger_1.75_4_1111.csv,exp_8_1_ror_hellinger_1.75_4_1111_results.json
8,1,ror,hellinger,1.75,5,1,34,75,45.333333333333336,0.09374183580719692,0.028153213308233362,0.17557109939796858,0.02834716297294302,exp_8_1_ror_hellinger_1.75_5_1.csv,exp_8_1_ror_hellinger_1.75_5_1_results.json
8,1,ror,hellinger,1.75,5,42,34,75,45.333333333333336,0.13618411405177258,0.019138391192075697,0.09253474378978484,0.0238846434252795,exp_8_1_ror_hellinger_1.75_5_42.csv,exp_8_1_ror_hellinger_1.75_5_42_results.json
8,1,ror,hellinger,1.75,5,35,37,75,49.333333333333336,0.10180844896898328,0.008456447764836748,0.07798281497940023,0.022140406206253332,exp_8_1_ror_hellinger_1.75_5_35.csv,exp_8_1_ror_hellinger_1.75_5_35_results.json
8,1,ror,hellinger,1.75,5,99,34,75,45.333333333333336,0.11486537730254003,0.015070091800286466,0.1177339680811073,0.022669774129058747,exp_8_1_ror_hellinger_1.75_5_99.csv,exp_8_1_ror_hellinger_1.75_5_99_results.json
8,1,ror,hellinger,1.75,5,123,31,75,41.333333333333336,0.08042297169550823,0.00786047626203956,0.20306423008305713,0.022020767457765985,exp_8_1_ror_hellinger_1.75_5_123.csv,exp_8_1_ror_hellinger_1.75_5_123_results.json
8,1,ror,hellinger,1.75,5,2024,29,75,38.666666666666664,0.13461323796886843,0.026803195921537595,0.2116356555226415,0.01899933267299552,exp_8_1_ror_hellinger_1.75_5_2024.csv,exp_8_1_ror_hellinger_1.75_5_2024_results.json
8,1,ror,hellinger,1.75,5,777,31,75,41.333333333333336,0.08869427079159235,0.0,0.11422129838315564,0.020479964403078924,exp_8_1_ror_hellinger_1.75_5_777.csv,exp_8_1_ror_hellinger_1.75_5_777_results.json
8,1,ror,hellinger,1.75,5,888,28,75,37.333333333333336,0.09551671169642069,0.036109555982126215,0.10994161768579766,0.026335032528413807,exp_8_1_ror_hellinger_1.75_5_888.csv,exp_8_1_ror_hellinger_1.75_5_888_results.json
8,1,ror,hellinger,1.75,5,999,34,75,45.333333333333336,0.07629456473104522,0.0,0.17428802444891245,0.026993179461978965,exp_8_1_ror_hellinger_1.75_5_999.csv,exp_8_1_ror_hellinger_1.75_5_999_results.json
8,1,ror,hellinger,1.75,5,1111,30,75,40.0,0.17465691435741162,0.013532335324294795,0.08682535177456178,0.021566778130250663,exp_8_1_ror_hellinger_1.75_5_1111.csv,exp_8_1_ror_hellinger_1.75_5_1111_results.json
8,1,ror,hellinger,1.75,6,1,32,75,42.666666666666664,0.095815801771104,0.02209978546864761,0.18609144234860384,0.021401849698182224,exp_8_1_ror_hellinger_1.75_6_1.csv,exp_8_1_ror_hellinger_1.75_6_1_results.json
8,1,ror,hellinger,1.75,6,42,32,75,42.666666666666664,0.11272083125577466,0.0,0.13784521184855564,0.009908104011932881,exp_8_1_ror_hellinger_1.75_6_42.csv,exp_8_1_ror_hellinger_1.75_6_42_results.json
8,1,ror,hellinger,1.75,6,35,39,75,52.0,0.1044286846612707,0.011980215296525173,0.09130733608614085,0.019338291148617088,exp_8_1_ror_hellinger_1.75_6_35.csv,exp_8_1_ror_hellinger_1.75_6_35_results.json
8,1,ror,hellinger,1.75,6,99,29,75,38.666666666666664,0.12296028123998304,0.0,0.12282839409050547,0.017647498454631292,exp_8_1_ror_hellinger_1.75_6_99.csv,exp_8_1_ror_hellinger_1.75_6_99_results.json
8,1,ror,hellinger,1.75,6,123,26,75,34.666666666666664,0.07921617528868385,0.007830533974338473,0.19548462195650257,0.0,exp_8_1_ror_hellinger_1.75_6_123.csv,exp_8_1_ror_hellinger_1.75_6_123_results.json
8,1,ror,hellinger,1.75,6,2024,28,75,37.333333333333336,0.1424311759718067,0.021703029693581132,0.22773741446184673,0.015626192457075867,exp_8_1_ror_hellinger_1.75_6_2024.csv,exp_8_1_ror_hellinger_1.75_6_2024_results.json
8,1,ror,hellinger,1.75,6,777,30,75,40.0,0.08405966188340959,0.0,0.10531825757153755,0.01922149315189953,exp_8_1_ror_hellinger_1.75_6_777.csv,exp_8_1_ror_hellinger_1.75_6_777_results.json
8,1,ror,hellinger,1.75,6,888,27,75,36.0,0.10597287511224797,0.026494449345144166,0.1046085573683217,0.0,exp_8_1_ror_hellinger_1.75_6_888.csv,exp_8_1_ror_hellinger_1.75_6_888_results.json
8,1,ror,hellinger,1.75,6,999,33,75,44.0,0.07496051027896276,0.0,0.16825759301939722,0.028897115113361623,exp_8_1_ror_hellinger_1.75_6_999.csv,exp_8_1_ror_hellinger_1.75_6_999_results.json
8,1,ror,hellinger,1.75,6,1111,33,75,44.0,0.08647870128745139,0.0,0.18759521511577343,0.020196916135024678,exp_8_1_ror_hellinger_1.75_6_1111.csv,exp_8_1_ror_hellinger_1.75_6_1111_results.json
8,1,ror,hellinger,1.75,7,1,31,75,41.333333333333336,0.08622344381977677,0.0,0.18962456671724118,0.011048880667490397,exp_8_1_ror_hellinger_1.75_7_1.csv,exp_8_1_ror_hellinger_1.75_7_1_results.json
8,1,ror,hellinger,1.75,7,42,34,75,45.333333333333336,0.11928421875764784,0.0,0.13685981879233755,0.0116010126700972,exp_8_1_ror_hellinger_1.75_7_42.csv,exp_8_1_ror_hellinger_1.75_7_42_results.json
8,1,ror,hellinger,1.75,7,35,37,75,49.333333333333336,0.09274471245094217,0.0,0.08404983223134589,0.020695503774129004,exp_8_1_ror_hellinger_1.75_7_35.csv,exp_8_1_ror_hellinger_1.75_7_35_results.json
8,1,ror,hellinger,1.75,7,99,32,75,42.666666666666664,0.1242843661125982,0.0,0.12654634524529265,0.007386852530301517,exp_8_1_ror_hellinger_1.75_7_99.csv,exp_8_1_ror_hellinger_1.75_7_99_results.json
8,1,ror,hellinger,1.75,7,123,26,75,34.666666666666664,0.08953566240955121,0.009736933861503379,0.18389972576153812,0.0,exp_8_1_ror_hellinger_1.75_7_123.csv,exp_8_1_ror_hellinger_1.75_7_123_results.json
8,1,ror,hellinger,1.75,7,2024,27,75,36.0,0.07082430011550231,0.0,0.23255889474154454,0.0,exp_8_1_ror_hellinger_1.75_7_2024.csv,exp_8_1_ror_hellinger_1.75_7_2024_results.json
8,1,ror,hellinger,1.75,7,777,30,75,40.0,0.08208099085225992,0.0,0.09005338999799407,0.01563437209743433,exp_8_1_ror_hellinger_1.75_7_777.csv,exp_8_1_ror_hellinger_1.75_7_777_results.json
8,1,ror,hellinger,1.75,7,888,26,75,34.666666666666664,0.10713311373858862,0.02380599179100946,0.09462087958270501,0.0,exp_8_1_ror_hellinger_1.75_7_888.csv,exp_8_1_ror_hellinger_1.75_7_888_results.json
8,1,ror,hellinger,1.75,7,999,32,75,42.666666666666664,0.07415798051450677,0.0,0.1536284653590739,0.01787234974255906,exp_8_1_ror_hellinger_1.75_7_999.csv,exp_8_1_ror_hellinger_1.75_7_999_results.json
8,1,ror,hellinger,1.75,7,1111,32,75,42.666666666666664,0.0834819056716573,0.0,0.17612850039766065,0.016406136367524932,exp_8_1_ror_hellinger_1.75_7_1111.csv,exp_8_1_ror_hellinger_1.75_7_1111_results.json
8,1,ror,hellinger,2.0,3,1,26,75,34.666666666666664,0.10057586864732469,0.04159308761788692,0.16008353344495396,0.026675484155960855,exp_8_1_ror_hellinger_2.0_3_1.csv,exp_8_1_ror_hellinger_2.0_3_1_results.json
8,1,ror,hellinger,2.0,3,42,37,75,49.333333333333336,0.1519665079798921,0.03366550288709269,0.1266499527741191,0.03374698948567316,exp_8_1_ror_hellinger_2.0_3_42.csv,exp_8_1_ror_hellinger_2.0_3_42_results.json
8,1,ror,hellinger,2.0,3,35,34,75,45.333333333333336,0.10247288636895473,0.027688102362495262,0.1110557932361522,0.033062987604445454,exp_8_1_ror_hellinger_2.0_3_35.csv,exp_8_1_ror_hellinger_2.0_3_35_results.json
8,1,ror,hellinger,2.0,3,99,40,75,53.333333333333336,0.11028257765520476,0.03439513903129637,0.14033650329097272,0.0158095876951196,exp_8_1_ror_hellinger_2.0_3_99.csv,exp_8_1_ror_hellinger_2.0_3_99_results.json
8,1,ror,hellinger,2.0,3,123,38,75,50.666666666666664,0.09249385205390237,0.03986832687331536,0.20501160254619305,0.02697505181100233,exp_8_1_ror_hellinger_2.0_3_123.csv,exp_8_1_ror_hellinger_2.0_3_123_results.json
8,1,ror,hellinger,2.0,3,2024,24,75,32.0,0.13474153470352365,0.03603630701794086,0.1608301482687345,0.029463131629209518,exp_8_1_ror_hellinger_2.0_3_2024.csv,exp_8_1_ror_hellinger_2.0_3_2024_results.json
8,1,ror,hellinger,2.0,3,777,31,75,41.333333333333336,0.07996803797747248,0.029222185614283937,0.1196705727840904,0.018818240261744983,exp_8_1_ror_hellinger_2.0_3_777.csv,exp_8_1_ror_hellinger_2.0_3_777_results.json
8,1,ror,hellinger,2.0,3,888,36,75,48.0,0.10839626456773914,0.0259892241917991,0.09999661831818568,0.03719635151070456,exp_8_1_ror_hellinger_2.0_3_888.csv,exp_8_1_ror_hellinger_2.0_3_888_results.json
8,1,ror,hellinger,2.0,3,999,40,75,53.333333333333336,0.08304509246539027,0.014295238793860675,0.167647208843611,0.038517457059753256,exp_8_1_ror_hellinger_2.0_3_999.csv,exp_8_1_ror_hellinger_2.0_3_999_results.json
8,1,ror,hellinger,2.0,3,1111,38,75,50.666666666666664,0.16768715583622026,0.03366377707627858,0.11635449551135509,0.0265497230769083,exp_8_1_ror_hellinger_2.0_3_1111.csv,exp_8_1_ror_hellinger_2.0_3_1111_results.json
8,1,ror,hellinger,2.0,4,1,21,75,28.0,0.08942567343970736,0.02895507284081253,0.17723351108696395,0.026510131607624162,exp_8_1_ror_hellinger_2.0_4_1.csv,exp_8_1_ror_hellinger_2.0_4_1_results.json
8,1,ror,hellinger,2.0,4,42,36,75,48.0,0.10171699978247971,0.025375999463923823,0.12580159507948718,0.02469843327135701,exp_8_1_ror_hellinger_2.0_4_42.csv,exp_8_1_ror_hellinger_2.0_4_42_results.json
8,1,ror,hellinger,2.0,4,35,30,75,40.0,0.10698650865929595,0.01759847391469682,0.10057217570495262,0.02211570714330568,exp_8_1_ror_hellinger_2.0_4_35.csv,exp_8_1_ror_hellinger_2.0_4_35_results.json
8,1,ror,hellinger,2.0,4,99,32,75,42.666666666666664,0.11142355991236821,0.02470921701299315,0.12576564056866274,0.0138598069549973,exp_8_1_ror_hellinger_2.0_4_99.csv,exp_8_1_ror_hellinger_2.0_4_99_results.json
8,1,ror,hellinger,2.0,4,123,26,75,34.666666666666664,0.0923637046961491,0.015988998335449495,0.20565396904256156,0.018883677729434948,exp_8_1_ror_hellinger_2.0_4_123.csv,exp_8_1_ror_hellinger_2.0_4_123_results.json
8,1,ror,hellinger,2.0,4,2024,26,75,34.666666666666664,0.1500674979709942,0.02976372653261844,0.1687873085844055,0.017343526331798607,exp_8_1_ror_hellinger_2.0_4_2024.csv,exp_8_1_ror_hellinger_2.0_4_2024_results.json
8,1,ror,hellinger,2.0,4,777,32,75,42.666666666666664,0.08323174062874034,0.0,0.11951692916086801,0.019216084213495636,exp_8_1_ror_hellinger_2.0_4_777.csv,exp_8_1_ror_hellinger_2.0_4_777_results.json
8,1,ror,hellinger,2.0,4,888,28,75,37.333333333333336,0.10884090331808839,0.03275442537418485,0.09573374443858015,0.022495074745589035,exp_8_1_ror_hellinger_2.0_4_888.csv,exp_8_1_ror_hellinger_2.0_4_888_results.json
8,1,ror,hellinger,2.0,4,999,40,75,53.333333333333336,0.0753413071239444,0.0,0.1814145836079118,0.02718316971002538,exp_8_1_ror_hellinger_2.0_4_999.csv,exp_8_1_ror_hellinger_2.0_4_999_results.json
8,1,ror,hellinger,2.0,4,1111,33,75,44.0,0.1816177948071395,0.023064923499128864,0.09708744250736268,0.02108810100798143,exp_8_1_ror_hellinger_2.0_4_1111.csv,exp_8_1_ror_hellinger_2.0_4_1111_results.json
8,1,ror,hellinger,2.0,5,1,21,75,28.0,0.07500509157573851,0.019138391192075697,0.1796740573332132,0.015602754761275952,exp_8_1_ror_hellinger_2.0_5_1.csv,exp_8_1_ror_hellinger_2.0_5_1_results.json
8,1,ror,hellinger,2.0,5,42,34,75,45.333333333333336,0.10755881153118639,0.0,0.11374444223467427,0.018982922472165015,exp_8_1_ror_hellinger_2.0_5_42.csv,exp_8_1_ror_hellinger_2.0_5_42_results.json
8,1,ror,hellinger,2.0,5,35,31,75,41.333333333333336,0.0918176044271691,0.014982685675078572,0.0967108755106296,0.023052784102709105,exp_8_1_ror_hellinger_2.0_5_35.csv,exp_8_1_ror_hellinger_2.0_5_35_results.json
8,1,ror,hellinger,2.0,5,99,28,75,37.333333333333336,0.12564574967537123,0.0,0.11578476733689298,0.01895394590796288,exp_8_1_ror_hellinger_2.0_5_99.csv,exp_8_1_ror_hellinger_2.0_5_99_results.json
8,1,ror,hellinger,2.0,5,123,27,75,36.0,0.09634928089062188,0.0,0.1980260883690586,0.0,exp_8_1_ror_hellinger_2.0_5_123.csv,exp_8_1_ror_hellinger_2.0_5_123_results.json
8,1,ror,hellinger,2.0,5,2024,27,75,36.0,0.07988687125106371,0.01978542249860332,0.1774616801916997,0.015626192457075867,exp_8_1_ror_hellinger_2.0_5_2024.csv,exp_8_1_ror_hellinger_2.0_5_2024_results.json
8,1,ror,hellinger,2.0,5,777,28,75,37.333333333333336,0.08849299047468319,0.0,0.09961400111986113,0.020370326584056533,exp_8_1_ror_hellinger_2.0_5_777.csv,exp_8_1_ror_hellinger_2.0_5_777_results.json
8,1,ror,hellinger,2.0,5,888,24,75,32.0,0.10888984661373056,0.03478479746266122,0.09906211628281977,0.017681576103450034,exp_8_1_ror_hellinger_2.0_5_888.csv,exp_8_1_ror_hellinger_2.0_5_888_results.json
8,1,ror,hellinger,2.0,5,999,31,75,41.333333333333336,0.07592391297569796,0.0,0.17023455157918813,0.02467858485269322,exp_8_1_ror_hellinger_2.0_5_999.csv,exp_8_1_ror_hellinger_2.0_5_999_results.json
8,1,ror,hellinger,2.0,5,1111,29,75,38.666666666666664,0.09228842216756977,0.0,0.19682259020143533,0.019154772272017655,exp_8_1_ror_hellinger_2.0_5_1111.csv,exp_8_1_ror_hellinger_2.0_5_1111_results.json
8,1,ror,hellinger,2.0,6,1,22,75,29.333333333333332,0.06635679217217613,0.0,0.17540712939114192,0.011048880667490397,exp_8_1_ror_hellinger_2.0_6_1.csv,exp_8_1_ror_hellinger_2.0_6_1_results.json
8,1,ror,hellinger,2.0,6,42,32,75,42.666666666666664,0.08507114336907737,0.0,0.1044468537389459,0.007872427072173987,exp_8_1_ror_hellinger_2.0_6_42.csv,exp_8_1_ror_hellinger_2.0_6_42_results.json
8,1,ror,hellinger,2.0,6,35,33,75,44.0,0.08842987978747012,0.0,0.10124106288426704,0.020347078730948823,exp_8_1_ror_hellinger_2.0_6_35.csv,exp_8_1_ror_hellinger_2.0_6_35_results.json
8,1,ror,hellinger,2.0,6,99,26,75,34.666666666666664,0.06551008284523603,0.0,0.13162158633834986,0.012573831818725643,exp_8_1_ror_hellinger_2.0_6_99.csv,exp_8_1_ror_hellinger_2.0_6_99_results.json
8,1,ror,hellinger,2.0,6,123,23,75,30.666666666666668,0.0980972008301645,0.014489767723669212,0.1840289800620242,0.0,exp_8_1_ror_hellinger_2.0_6_123.csv,exp_8_1_ror_hellinger_2.0_6_123_results.json
8,1,ror,hellinger,2.0,6,2024,27,75,36.0,0.07985311872509301,0.002961707460229685,0.16809527052799458,0.0,exp_8_1_ror_hellinger_2.0_6_2024.csv,exp_8_1_ror_hellinger_2.0_6_2024_results.json
8,1,ror,hellinger,2.0,6,777,31,75,41.333333333333336,0.0781669348753669,0.0,0.08800043674932334,0.019133626971707632,exp_8_1_ror_hellinger_2.0_6_777.csv,exp_8_1_ror_hellinger_2.0_6_777_results.json
8,1,ror,hellinger,2.0,6,888,27,75,36.0,0.09716035106114466,0.022954721759250785,0.09246253326438532,0.0,exp_8_1_ror_hellinger_2.0_6_888.csv,exp_8_1_ror_hellinger_2.0_6_888_results.json
8,1,ror,hellinger,2.0,6,999,32,75,42.666666666666664,0.07364579798554913,0.0,0.16144230608687382,0.013181657456492453,exp_8_1_ror_hellinger_2.0_6_999.csv,exp_8_1_ror_hellinger_2.0_6_999_results.json
8,1,ror,hellinger,2.0,6,1111,35,75,46.666666666666664,0.0833214810846699,0.0,0.18565788647042478,0.011449637881582203,exp_8_1_ror_hellinger_2.0_6_1111.csv,exp_8_1_ror_hellinger_2.0_6_1111_results.json
8,1,ror,hellinger,2.0,7,1,19,75,25.333333333333332,0.054575149106539086,0.007568403658756464,0.16264446777876287,0.0,exp_8_1_ror_hellinger_2.0_7_1.csv,exp_8_1_ror_hellinger_2.0_7_1_results.json
8,1,ror,hellinger,2.0,7,42,26,75,34.666666666666664,0.08952312169595239,0.004529699801270882,0.09847936184453908,0.0,exp_8_1_ror_hellinger_2.0_7_42.csv,exp_8_1_ror_hellinger_2.0_7_42_results.json
8,1,ror,hellinger,2.0,7,35,31,75,41.333333333333336,0.08522176561691268,0.0,0.1041657839072164,0.01051959781924027,exp_8_1_ror_hellinger_2.0_7_35.csv,exp_8_1_ror_hellinger_2.0_7_35_results.json
8,1,ror,hellinger,2.0,7,99,23,75,30.666666666666668,0.06996982716255552,0.0,0.12807612524697704,0.0037850042553866452,exp_8_1_ror_hellinger_2.0_7_99.csv,exp_8_1_ror_hellinger_2.0_7_99_results.json
8,1,ror,hellinger,2.0,7,123,22,75,29.333333333333332,0.10106238769606952,0.012829140287718555,0.17200493920918927,0.0,exp_8_1_ror_hellinger_2.0_7_123.csv,exp_8_1_ror_hellinger_2.0_7_123_results.json
8,1,ror,hellinger,2.0,7,2024,23,75,30.666666666666668,0.07752755257431547,0.012437686433708718,0.16037183550689527,0.0,exp_8_1_ror_hellinger_2.0_7_2024.csv,exp_8_1_ror_hellinger_2.0_7_2024_results.json
8,1,ror,hellinger,2.0,7,777,25,75,33.333333333333336,0.08554328205636864,0.0,0.08262918198172331,0.013008418440891397,exp_8_1_ror_hellinger_2.0_7_777.csv,exp_8_1_ror_hellinger_2.0_7_777_results.json
8,1,ror,hellinger,2.0,7,888,26,75,34.666666666666664,0.10162507680171629,0.01019621921801569,0.06917516300933745,0.0,exp_8_1_ror_hellinger_2.0_7_888.csv,exp_8_1_ror_hellinger_2.0_7_888_results.json
8,1,ror,hellinger,2.0,7,999,31,75,41.333333333333336,0.07690784733066756,0.0,0.14893382565857224,0.014990610310777279,exp_8_1_ror_hellinger_2.0_7_999.csv,exp_8_1_ror_hellinger_2.0_7_999_results.json
8,1,ror,hellinger,2.0,7,1111,31,75,41.333333333333336,0.08753469443939317,0.0,0.15878992276820653,0.01381582609317343,exp_8_1_ror_hellinger_2.0_7_1111.csv,exp_8_1_ror_hellinger_2.0_7_1111_results.json
